year,entry_date,exit_date,symbol,structure,exit,holding_days,pop,entry_iv,credit_usd,max_risk_usd,pnl_usd,hold_to_expiry_pnl_usd
2019,2019-09-23,2019-10-30,AGG,iron_condor,target,37,0.569178,0.067335,79.57,120.43,38.67,71.57
2019,2019-09-23,2019-10-31,EEM,iron_condor,target,38,0.558434,0.147285,81.58,118.42,34.74,60.58
2019,2019-09-23,2019-10-29,FXI,iron_condor,target,36,0.552676,0.204472,43.44,56.56,16.23,35.44
2019,2019-09-23,2019-09-30,GDX,short_call_spread,target,7,0.800463,0.563631,35.19,164.81,15.72,31.19
2019,2019-09-23,2019-10-31,GLD,iron_condor,target,38,0.516897,0.216374,238.81,261.19,121.92,151.81
2019,2019-09-23,2019-10-31,IEF,iron_condor,target,38,0.512569,0.099131,96.76,103.24,48.06,88.76
2019,2019-09-23,2019-10-23,KRE,short_put_spread,target,30,0.699531,0.361786,55.39,144.61,24.44,51.39
2019,2019-09-23,2019-10-23,LQD,iron_condor,target,30,0.60423,0.112119,164.54,335.46,76.81,156.54
2019,2019-09-23,2019-09-30,SLV,short_call_spread,target,7,0.76691,0.585927,21.36,78.64,7.59,17.36
2019,2019-09-23,2019-11-15,SMH,iron_condor,expiry,53,0.572704,0.298187,194.79,305.21,-127.71,-127.71
2019,2019-09-23,2019-10-28,VNQ,iron_condor,target,35,0.519139,0.156508,94.97,105.03,41.3,86.97
2019,2019-09-23,2019-10-24,XLB,iron_condor,target,31,0.589843,0.185435,69.8,130.2,28.67,43.8
2019,2019-09-23,2019-10-21,XLC,iron_condor,target,28,0.62066,0.194295,132.08,367.92,59.1,124.08
2019,2019-09-23,2019-11-04,XLE,short_put_spread,target,42,0.730618,0.273491,24.1,75.9,13.04,20.1
2019,2019-09-23,2019-10-22,XLF,iron_condor,target,29,0.607104,0.199635,36.0,64.0,10.23,28.0
2019,2019-09-23,2019-10-23,XLI,iron_condor,target,30,0.601487,0.205801,170.42,329.58,80.87,131.42
2019,2019-09-23,2019-10-21,XLK,iron_condor,target,28,0.62441,0.233268,125.86,374.14,58.25,55.86
2019,2019-09-23,2019-10-25,XLP,iron_condor,target,32,0.577569,0.149222,78.24,121.76,32.95,70.24
2019,2019-09-23,2019-10-28,XLRE,iron_condor,target,35,0.55132,0.206446,85.19,114.81,38.38,77.19
2019,2019-09-23,2019-10-25,XLU,iron_condor,target,32,0.599874,0.161353,65.65,134.35,28.29,57.65
2019,2019-09-23,2019-10-22,XLV,iron_condor,target,29,0.606336,0.134649,156.74,343.26,71.0,-97.26
2019,2019-09-24,2019-10-28,HYG,iron_condor,target,34,0.584809,0.063124,71.51,128.49,30.98,57.51
2019,2019-09-24,2019-11-15,QQQ,iron_condor,expiry,52,0.5124,0.228872,241.64,258.36,-157.36,-157.36
2019,2019-09-24,2019-10-28,XBI,iron_condor,target,34,0.525895,0.398569,232.78,267.22,111.58,224.78
2019,2019-09-24,2019-10-25,XLY,iron_condor,target,31,0.571168,0.243839,191.5,308.5,87.86,183.5
2019,2019-09-25,2019-11-15,EFA,iron_condor,expiry,51,0.611997,0.131545,128.43,371.57,-11.57,-11.57
2019,2019-10-02,2019-11-12,EWZ,short_call_spread,target,41,0.775908,0.309983,20.56,79.44,7.87,16.56
2019,2019-10-04,2019-10-25,DIA,short_put_spread,target,21,0.717558,0.170328,127.49,372.51,70.21,123.49
2019,2019-10-04,2019-11-15,IWM,iron_condor,expiry,42,0.525314,0.241734,233.67,266.33,33.67,33.67
2019,2019-10-10,2019-11-15,SPY,iron_condor,expiry,36,0.515939,0.1757,240.02,259.98,-267.98,-267.98
2019,2019-12-17,2020-01-03,AGG,iron_condor,target,17,0.614877,0.055871,59.81,140.19,22.42,51.81
2019,2019-12-17,2020-01-07,DIA,iron_condor,target,21,0.52042,0.134313,237.29,262.71,113.8,-97.71
2019,2019-12-17,2020-01-06,EEM,iron_condor,target,20,0.599924,0.201299,69.7,130.3,33.05,38.7
2019,2019-12-17,2020-01-03,EFA,iron_condor,target,17,0.638191,0.132959,95.53,404.47,46.19,87.53
2019,2019-12-17,2020-01-15,FXI,iron_condor,target,29,0.543534,0.262486,44.7,55.3,21.0,25.7
2019,2019-12-17,2020-01-17,GLD,iron_condor,expiry,31,0.608131,0.116762,156.34,343.66,-309.66,-309.66
2019,2019-12-17,2020-01-06,HYG,iron_condor,target,20,0.57795,0.057238,69.17,130.83,27.6,61.17
2019,2019-12-17,2020-01-06,IEF,iron_condor,target,20,0.604045,0.098592,70.68,129.32,34.06,62.68
2019,2019-12-17,2020-01-06,IWM,iron_condor,target,20,0.565844,0.173332,203.99,296.01,107.57,195.99
2019,2019-12-17,2020-01-14,KRE,iron_condor,target,28,0.561776,0.248446,83.79,116.21,41.19,75.79
2019,2019-12-17,2020-01-06,LQD,iron_condor,target,20,0.612066,0.086608,130.05,369.95,73.64,122.05
2019,2019-12-17,2020-01-17,QQQ,iron_condor,expiry,31,0.553875,0.153109,213.64,286.36,-294.36,-294.36
2019,2019-12-17,2020-01-06,SMH,short_call_spread,target,20,0.772728,0.312058,83.39,416.61,56.17,79.39
2019,2019-12-17,2020-01-07,SPY,iron_condor,target,21,0.529925,0.1229,230.93,269.07,109.95,-272.07
2019,2019-12-17,2019-12-30,XBI,short_call_spread,target,13,0.756883,0.327543,100.19,399.81,50.33,96.19
2019,2019-12-17,2020-01-13,XLB,iron_condor,target,27,0.575349,0.170218,70.74,129.26,47.82,62.74
2019,2019-12-17,2020-01-17,XLC,iron_condor,expiry,31,0.638957,0.118402,68.04,431.96,-207.96,-207.96
2019,2019-12-17,2020-01-17,XLK,short_call_spread,expiry,31,0.815218,0.181073,31.87,468.13,-128.13,-128.13
2019,2019-12-17,2020-01-06,XLP,iron_condor,target,20,0.665816,0.078767,40.06,159.94,17.81,32.06
2019,2019-12-17,2020-01-07,XLRE,iron_condor,target,21,0.569296,0.19998,77.65,122.35,39.41,10.65
2019,2019-12-17,2020-01-09,XLU,iron_condor,target,23,0.610018,0.118469,48.14,151.86,22.48,2.14
2019,2019-12-17,2020-01-03,XLV,short_call_spread,target,17,0.746455,0.131271,75.7,424.3,49.37,22.7
2019,2019-12-17,2020-01-03,XLY,iron_condor,target,17,0.625005,0.161684,111.57,388.43,47.88,103.57
2019,2019-12-30,2020-01-15,EWZ,short_call_spread,target,16,0.775135,0.283028,20.85,79.15,7.4,16.85
2019,2019-12-30,2020-02-06,GDX,iron_condor,target,38,0.545988,0.453433,88.0,112.0,38.61,80.0
2019,2019-12-30,2020-02-06,SLV,iron_condor,target,38,0.511003,0.330361,48.57,51.43,18.9,40.57
2019,2019-12-30,2020-02-21,XLE,iron_condor,expiry,53,0.518174,0.361281,47.65,52.35,-53.35,-53.35
2019,2019-12-31,2020-01-09,XLI,short_put_spread,target,9,0.750696,0.175612,83.02,416.98,39.13,79.02
2020,2020-01-28,2020-03-11,AGG,iron_condor,target,43,0.629502,0.038813,53.44,146.56,40.07,-154.56
2020,2020-01-28,2020-03-20,EEM,iron_condor,expiry,52,0.531321,0.32513,91.84,108.16,-116.16,-116.16
2020,2020-01-28,2020-03-20,EFA,iron_condor,expiry,52,0.608687,0.179069,154.16,345.84,-353.84,-353.84
2020,2020-01-28,2020-03-20,HYG,iron_condor,expiry,52,0.609866,0.075164,66.15,133.85,-141.85,-141.85
2020,2020-01-28,2020-03-20,IEF,iron_condor,expiry,52,0.542388,0.074801,88.03,111.97,-119.97,-119.97
2020,2020-01-28,2020-03-20,IWM,iron_condor,expiry,52,0.552854,0.149841,213.62,286.38,-294.38,-294.38
2020,2020-01-28,2020-02-26,LQD,iron_condor,target,29,0.662685,0.060856,88.67,411.33,40.27,-419.33
2020,2020-01-28,2020-02-25,QQQ,short_call_spread,target,28,0.743347,0.21686,117.12,382.88,84.52,113.12
2020,2020-01-28,2020-02-26,VNQ,short_call_spread,target,29,0.728809,0.167842,48.93,151.07,25.15,44.93
2020,2020-01-28,2020-02-10,XBI,short_put_spread,target,13,0.698274,0.33854,132.56,367.44,71.83,-371.44
2020,2020-01-28,2020-03-20,XLB,iron_condor,expiry,52,0.54637,0.217498,85.89,114.11,-122.11,-122.11
2020,2020-01-28,2020-02-24,XLC,short_call_spread,target,27,0.764225,0.200447,72.05,427.95,52.64,68.05
2020,2020-01-28,2020-02-05,XLF,short_put_spread,target,8,0.767454,0.190612,19.03,80.97,5.89,-84.97
2020,2020-01-28,2020-02-24,XLK,short_call_spread,target,27,0.756023,0.249133,79.73,420.27,49.58,75.73
2020,2020-01-28,2020-03-20,XLP,iron_condor,expiry,52,0.52862,0.110257,92.28,107.72,-115.72,-115.72
2020,2020-01-28,2020-02-11,XLV,short_put_spread,target,14,0.71858,0.164917,106.34,393.66,50.31,-397.66
2020,2020-01-28,2020-03-20,XLY,iron_condor,expiry,52,0.606674,0.172122,149.03,350.97,-358.97,-358.97
2020,2020-02-04,2020-03-12,GLD,iron_condor,target,37,0.581935,0.116132,185.3,314.7,141.1,-211.7
2020,2020-02-04,2020-02-24,SMH,short_call_spread,target,20,0.777537,0.352727,89.53,410.47,57.51,85.53
2020,2020-02-04,2020-03-04,XLRE,iron_condor,target,29,0.580508,0.152927,73.32,126.68,33.69,-134.68
2020,2020-02-06,2020-03-20,DIA,iron_condor,expiry,43,0.510069,0.156104,243.4,256.6,-264.6,-264.6
2020,2020-02-10,2020-02-25,FXI,short_call_spread,target,15,0.733024,0.321631,24.9,75.1,10.46,20.9
2020,2020-02-10,2020-03-20,KRE,iron_condor,expiry,39,0.533019,0.218899,91.28,108.72,-116.72,-116.72
2020,2020-02-10,2020-03-04,XLU,iron_condor,target,23,0.61797,0.095434,44.25,155.75,17.21,-163.75
2020,2020-03-09,2020-04-08,GDX,iron_condor,target,30,0.513582,0.676514,96.45,103.55,41.17,88.45
2020,2020-03-09,2020-03-12,SLV,short_call_spread,target,3,0.744645,0.395149,21.79,78.21,10.67,17.79
2020,2020-05-05,2020-06-01,AGG,iron_condor,target,27,0.598103,0.063665,70.19,129.81,31.0,62.19
2020,2020-05-05,2020-06-19,EEM,iron_condor,expiry,45,0.564676,0.331228,82.72,117.28,-17.28,-17.28
2020,2020-05-05,2020-06-19,EFA,iron_condor,expiry,45,0.58643,0.298913,180.54,319.46,-31.46,-31.46
2020,2020-05-05,2020-06-11,FXI,iron_condor,target,37,0.535207,0.298299,45.71,54.29,19.2,37.71
2020,2020-05-05,2020-06-02,GLD,iron_condor,target,28,0.540924,0.206344,223.25,276.75,103.84,215.25
2020,2020-05-05,2020-06-19,IWM,short_call_spread,target,45,0.777184,0.525292,103.07,396.93,99.07,99.07
2020,2020-05-05,2020-06-04,LQD,iron_condor,target,30,0.560691,0.21557,208.82,291.18,98.12,200.82
2020,2020-05-05,2020-06-19,SLV,iron_condor,expiry,45,0.68083,0.253575,23.85,76.15,-84.15,-84.15
2020,2020-05-05,2020-06-11,SMH,iron_condor,target,37,0.535861,0.534891,226.5,273.5,107.82,79.0
2020,2020-05-05,2020-06-18,TLT,short_put_spread,target,44,0.70445,0.196993,56.18,143.82,32.43,52.18
2020,2020-05-05,2020-05-15,VNQ,short_call_spread,target,10,0.770119,0.53553,43.65,156.35,19.04,39.65
2020,2020-05-05,2020-06-11,XLC,iron_condor,target,37,0.595226,0.314671,171.92,328.08,79.81,9.92
2020,2020-05-05,2020-06-11,XLE,short_call_spread,target,37,0.790059,0.729959,19.43,80.57,7.32,15.43
2020,2020-05-05,2020-06-18,XLF,short_call_spread,target,44,0.803778,0.520334,17.72,82.28,10.62,13.72
2020,2020-05-05,2020-06-11,XLK,iron_condor,target,37,0.582491,0.404033,186.14,313.86,101.31,66.14
2020,2020-05-05,2020-06-11,XLP,iron_condor,target,37,0.535075,0.262965,91.0,109.0,65.52,83.0
2020,2020-05-05,2020-06-04,XLU,iron_condor,target,30,0.512266,0.470402,96.75,103.25,40.86,88.75
2020,2020-05-06,2020-06-11,XLB,iron_condor,target,36,0.569348,0.475497,81.39,118.61,40.93,64.39
2020,2020-05-06,2020-06-19,XLI,iron_condor,expiry,44,0.568378,0.413465,202.09,297.91,-28.91,-28.91
2020,2020-05-06,2020-06-11,XLRE,iron_condor,target,36,0.512582,0.54656,96.66,103.34,62.27,88.66
2020,2020-05-07,2020-06-11,IEF,short_put_spread,target,35,0.76597,0.059782,33.0,167.0,14.17,29.0
2020,2020-05-07,2020-06-19,XLY,iron_condor,expiry,43,0.572968,0.33968,194.53,305.47,17.53,17.53
2020,2020-05-12,2020-06-19,HYG,iron_condor,expiry,38,0.525854,0.187135,93.39,106.61,-2.61,-2.61
2020,2020-05-12,2020-06-10,XBI,short_call_spread,target,29,0.775189,0.533018,101.49,398.51,47.77,97.49
2020,2020-05-12,2020-06-09,XLV,iron_condor,target,28,0.529707,0.290194,230.34,269.66,114.02,222.34
2020,2020-05-13,2020-06-03,GDX,short_call_spread,target,21,0.766833,0.570059,41.73,158.27,23.75,37.73
2020,2020-05-15,2020-05-26,SPY,short_put_spread,target,11,0.687483,0.3189,149.21,350.79,85.08,145.21
2020,2020-05-26,2020-06-05,KRE,short_put_spread,target,10,0.60327,0.854618,77.26,122.74,36.88,73.26
2020,2020-06-01,2020-07-13,EWZ,short_call_spread,target,42,0.794753,0.747359,19.48,80.52,7.92,15.48
2020,2020-06-22,2020-08-11,AGG,iron_condor,target,50,0.552677,0.036211,82.23,117.77,37.73,74.23
2020,2020-06-22,2020-08-20,EEM,iron_condor,target,59,0.51007,0.345616,97.13,102.87,54.25,61.13
2020,2020-06-22,2020-07-30,EFA,iron_condor,target,38,0.562147,0.333918,205.44,294.56,98.36,197.44
2020,2020-06-22,2020-08-21,GLD,iron_condor,expiry,60,0.529013,0.180962,230.65,269.35,-277.35,-277.35
2020,2020-06-22,2020-07-20,HYG,short_put_spread,target,28,0.707972,0.150241,51.74,148.26,22.58,47.74
2020,2020-06-22,2020-07-29,IEF,iron_condor,target,37,0.564035,0.059455,81.07,118.93,32.56,73.07
2020,2020-06-22,2020-08-11,LQD,iron_condor,target,50,0.610971,0.097053,158.06,341.94,74.62,150.06
2020,2020-06-22,2020-08-20,SMH,iron_condor,target,59,0.528964,0.361048,230.31,269.69,107.7,76.81
2020,2020-06-22,2020-07-20,SPY,short_put_spread,target,28,0.666341,0.3177,161.57,338.43,88.51,157.57
2020,2020-06-22,2020-08-20,XLB,iron_condor,target,59,0.520448,0.421587,94.43,105.57,52.28,86.43
2020,2020-06-22,2020-07-28,XLC,iron_condor,target,36,0.592841,0.252557,174.4,325.6,81.65,-8.6
2020,2020-06-22,2020-07-28,XLK,iron_condor,target,36,0.577889,0.316679,190.03,309.97,89.64,-114.97
2020,2020-06-22,2020-08-05,XLU,iron_condor,target,44,0.559935,0.312827,83.23,116.77,36.86,75.23
2020,2020-06-22,2020-08-10,XLV,iron_condor,target,49,0.522881,0.301518,234.58,265.42,112.3,226.58
2020,2020-06-22,2020-08-21,XLY,iron_condor,expiry,60,0.561302,0.317306,205.91,294.09,-111.09,-111.09
2020,2020-06-23,2020-08-18,IWM,short_call_spread,target,56,0.778426,0.486085,103.62,396.38,48.94,99.62
2020,2020-06-24,2020-07-06,SLV,short_put_spread,target,12,0.741177,0.359093,21.76,78.24,6.94,17.76
2020,2020-06-24,2020-08-20,XLI,iron_condor,target,57,0.516575,0.480788,238.59,261.41,147.04,185.59
2020,2020-06-25,2020-08-21,GDX,short_call_spread,expiry,57,0.794746,0.477508,36.44,163.56,-56.56,-56.56
2020,2020-06-25,2020-07-28,VNQ,short_put_spread,target,33,0.661407,0.453443,65.35,134.65,31.75,61.35
2020,2020-06-25,2020-08-21,XLP,iron_condor,expiry,57,0.553602,0.217068,86.05,113.95,-121.95,-121.95
2020,2020-07-10,2020-07-24,QQQ,short_call_spread,target,14,0.748881,0.258291,116.77,383.23,67.9,-174.23
2020,2020-07-10,2020-07-21,XLE,short_put_spread,target,11,0.705389,0.583486,26.87,73.13,10.74,22.87
2020,2020-07-10,2020-07-29,XLF,short_put_spread,target,19,0.67378,0.461717,30.47,69.53,12.28,26.47
2020,2020-07-10,2020-08-05,XLRE,iron_condor,target,26,0.581113,0.336349,78.23,121.77,33.83,70.23
2020,2020-07-15,2020-07-24,XBI,short_call_spread,target,9,0.761381,0.410022,106.55,393.45,52.86,102.55
2020,2020-07-16,2020-08-07,FXI,short_call_spread,target,22,0.774698,0.590425,21.52,78.48,7.6,17.52
2020,2020-07-20,2020-08-11,TLT,iron_condor,target,22,0.528161,0.137698,93.12,106.88,44.49,85.12
2020,2020-07-22,2020-08-07,EWZ,short_call_spread,target,16,0.758921,0.527619,22.95,77.05,8.03,18.95
2020,2020-07-23,2020-09-04,KRE,short_put_spread,target,43,0.612472,0.873201,75.38,124.62,40.61,71.38
2020,2020-08-25,2020-10-12,AGG,iron_condor,target,48,0.552873,0.06769,84.72,115.28,43.67,65.72
2020,2020-08-25,2020-10-01,EEM,iron_condor,target,37,0.517509,0.405274,95.41,104.59,44.32,87.41
2020,2020-08-25,2020-09-29,EFA,iron_condor,target,35,0.53999,0.415917,222.82,277.18,104.85,214.82
2020,2020-08-25,2020-10-09,GDX,short_put_spread,target,45,0.524065,1.309669,94.37,105.63,45.31,90.37
2020,2020-08-25,2020-10-09,GLD,short_put_spread,target,45,0.609725,0.742235,191.58,308.42,116.0,187.58
2020,2020-08-25,2020-10-05,HYG,iron_condor,target,41,0.542065,0.141469,88.88,111.12,53.33,80.88
2020,2020-08-25,2020-09-28,IEF,iron_condor,target,34,0.545114,0.083315,87.7,112.3,39.37,79.7
2020,2020-08-25,2020-09-29,LQD,iron_condor,target,35,0.558077,0.152441,208.12,291.88,97.54,200.12
2020,2020-08-25,2020-09-08,QQQ,short_call_spread,target,14,0.760133,0.413771,115.15,384.85,60.65,111.15
2020,2020-08-25,2020-09-08,SMH,short_call_spread,target,14,0.784229,0.50169,96.33,403.67,50.17,92.33
2020,2020-08-25,2020-10-01,XBI,short_put_spread,target,37,0.621717,0.763141,183.59,316.41,92.95,179.59
2020,2020-08-25,2020-10-05,XLC,iron_condor,target,41,0.557751,0.354764,208.77,291.23,105.78,200.77
2020,2020-08-25,2020-09-28,XLI,iron_condor,target,34,0.525629,0.389674,232.89,267.11,112.41,224.89
2020,2020-08-25,2020-10-01,XLK,iron_condor,target,37,0.533796,0.45513,226.97,273.03,118.85,218.97
2020,2020-08-25,2020-09-30,XLP,iron_condor,target,36,0.528695,0.222383,92.55,107.45,43.32,84.55
2020,2020-08-25,2020-09-28,XLU,iron_condor,target,34,0.542321,0.391602,88.66,111.34,36.36,80.66
2020,2020-08-25,2020-10-05,XLV,short_put_spread,target,41,0.698908,0.2646,130.81,369.19,66.42,126.81
2020,2020-08-25,2020-09-08,XLY,short_call_spread,target,14,0.771927,0.244186,85.36,414.64,42.19,81.36
2020,2020-08-26,2020-09-28,XLB,iron_condor,target,33,0.531846,0.383417,91.51,108.49,38.45,83.51
2020,2020-08-26,2020-09-30,XLRE,iron_condor,target,35,0.517601,0.463596,95.35,104.65,41.8,87.35
2020,2020-09-01,2020-09-08,SPY,short_call_spread,target,7,0.739403,0.2612,123.91,376.09,80.36,119.91
2020,2020-09-01,2020-10-16,XLE,short_put_spread,expiry,45,0.636044,0.758977,34.87,65.13,-59.63,-59.63
2020,2020-09-03,2020-09-22,FXI,short_call_spread,target,19,0.750571,0.376496,23.51,76.49,9.35,19.51
2020,2020-09-03,2020-10-05,IWM,short_put_spread,target,32,0.698906,0.333277,138.64,361.36,103.27,134.64
2020,2020-09-03,2020-10-16,SLV,short_put_spread,target,43,0.513198,1.471906,48.39,51.61,44.39,44.39
2020,2020-09-15,2020-10-05,XLF,iron_condor,target,20,0.575959,0.237621,39.46,60.54,14.25,31.46
2020,2020-10-14,2020-11-05,EWZ,short_put_spread,target,22,0.699767,0.475665,28.08,71.92,12.72,24.08
2020,2020-10-14,2020-10-22,KRE,short_put_spread,target,8,0.674038,0.502119,60.05,139.95,35.02,56.05
2020,2020-10-16,2020-11-17,TLT,iron_condor,target,32,0.514748,0.141806,96.32,103.68,50.19,88.32
2020,2020-10-19,2020-11-17,AGG,iron_condor,target,29,0.616316,0.02929,44.41,155.59,18.83,36.41
2020,2020-10-19,2020-11-20,EFA,iron_condor,expiry,32,0.625756,0.190808,127.08,372.92,-215.92,-215.92
2020,2020-10-19,2020-11-12,GLD,iron_condor,target,24,0.545534,0.21883,220.62,279.38,117.57,212.62
2020,2020-10-19,2020-11-12,HYG,iron_condor,target,24,0.615274,0.098619,64.67,135.33,35.22,56.67
2020,2020-10-19,2020-11-09,LQD,iron_condor,target,21,0.637216,0.067646,97.01,402.99,59.11,32.01
2020,2020-10-19,2020-10-27,SMH,short_call_spread,target,8,0.776765,0.387528,93.3,406.7,45.07,89.3
2020,2020-10-19,2020-11-04,XBI,short_put_spread,target,16,0.680498,0.450017,147.26,352.74,84.89,143.26
2020,2020-10-19,2020-11-12,XLB,iron_condor,target,24,0.617712,0.312286,66.42,133.58,34.67,58.42
2020,2020-10-19,2020-11-18,XLC,iron_condor,target,30,0.597989,0.347545,173.7,326.3,116.1,165.7
2020,2020-10-19,2020-11-05,XLF,short_put_spread,target,17,0.65573,0.315217,31.38,68.62,12.58,27.38
2020,2020-10-19,2020-10-27,XLI,short_call_spread,target,8,0.782846,0.268076,78.04,421.96,53.07,-91.96
2020,2020-10-19,2020-11-10,XLP,iron_condor,target,22,0.544364,0.196005,88.12,111.88,44.04,80.12
2020,2020-10-19,2020-11-06,XLU,iron_condor,target,18,0.602435,0.204675,64.59,135.41,25.14,56.59
2020,2020-10-19,2020-11-18,XLV,iron_condor,target,30,0.539606,0.266093,223.03,276.97,191.22,215.03
2020,2020-10-22,2020-11-30,IEF,iron_condor,target,39,0.527098,0.056153,92.74,107.26,39.24,44.74
2020,2020-10-22,2020-12-18,QQQ,short_call_spread,target,57,0.758924,0.408303,115.81,384.19,111.81,111.81
2020,2020-10-22,2020-10-28,XLE,short_call_spread,target,6,0.804108,0.571408,17.45,82.55,5.85,-86.55
2020,2020-10-22,2020-10-28,XLK,short_call_spread,target,6,0.767723,0.387655,95.08,404.92,46.03,91.08
2020,2020-10-22,2020-11-30,XLRE,iron_condor,target,39,0.513592,0.297843,96.37,103.63,41.6,88.37
2020,2020-10-22,2020-11-30,XLY,iron_condor,target,39,0.555251,0.3053,211.44,288.56,107.61,203.44
2020,2020-11-05,2020-12-18,EEM,iron_condor,expiry,43,0.540425,0.237428,89.11,110.89,-17.89,-17.89
2020,2020-11-05,2020-11-10,VNQ,short_put_spread,target,5,0.678982,0.248713,59.73,140.27,27.95,55.73
2020,2020-11-06,2020-12-16,SLV,short_put_spread,target,40,0.638229,0.376153,34.02,65.98,24.33,30.02
2020,2020-11-06,2020-11-16,SPY,short_put_spread,target,10,0.685938,0.2486,150.25,349.75,74.59,146.25
2020,2020-11-10,2020-12-07,FXI,iron_condor,target,27,0.52661,0.269841,46.77,53.23,18.76,38.77
2020,2020-11-12,2020-12-18,IWM,short_call_spread,expiry,36,0.753559,0.326354,111.83,388.17,-392.17,-392.17
2020,2020-11-25,2020-12-31,AGG,iron_condor,target,36,0.575244,0.048944,75.27,124.73,33.5,-7.73
2020,2020-11-25,2020-12-28,DIA,short_put_spread,target,33,0.684619,0.241335,150.15,349.85,86.42,146.15
2020,2020-11-25,2020-12-28,EFA,iron_condor,target,33,0.583021,0.221022,183.57,316.43,91.16,175.57
2020,2020-11-25,2020-12-29,HYG,iron_condor,target,34,0.591799,0.082794,72.25,127.75,30.94,64.25
2020,2020-11-25,2021-01-04,KRE,short_call_spread,target,40,0.806578,0.869113,36.85,163.15,18.92,32.85
2020,2020-11-25,2020-12-24,LQD,iron_condor,target,29,0.603841,0.093194,159.78,340.22,75.17,151.78
2020,2020-11-25,2020-12-28,XLB,iron_condor,target,33,0.532685,0.340456,91.3,108.7,37.75,83.3
2020,2020-11-25,2020-12-24,XLC,iron_condor,target,29,0.594848,0.281624,178.62,321.38,82.52,170.62
2020,2020-11-25,2020-12-30,XLI,iron_condor,target,35,0.544339,0.303418,219.93,280.07,110.99,211.93
2020,2020-11-25,2020-12-28,XLP,iron_condor,target,33,0.554333,0.174229,85.56,114.44,39.52,77.56
2020,2020-11-25,2021-01-06,XLU,iron_condor,target,42,0.552308,0.254622,84.86,115.14,42.74,76.86
2020,2020-11-25,2021-01-04,XLV,iron_condor,target,40,0.543535,0.252712,220.62,279.38,110.23,15.62
2020,2020-11-27,2020-12-08,XBI,short_put_spread,target,11,0.684984,0.375113,146.15,353.85,79.57,142.15
2020,2020-11-30,2021-01-15,SMH,short_call_spread,expiry,46,0.761697,0.36703,104.73,395.27,-337.27,-337.27
2020,2020-12-01,2020-12-17,GLD,short_put_spread,target,16,0.692375,0.292043,142.12,357.88,77.0,138.12
2021,2021-01-15,2021-02-16,EWZ,short_put_spread,target,32,0.612462,0.770665,38.04,61.96,20.11,34.04
2021,2021-01-15,2021-02-08,GDX,short_put_spread,target,24,0.631789,0.908159,70.8,129.2,32.15,66.8
2021,2021-01-15,2021-02-02,IEF,short_call_spread,target,18,0.791555,0.080758,30.6,169.4,14.7,26.6
2021,2021-01-15,2021-02-17,XLK,iron_condor,target,33,0.546294,0.378033,216.97,283.03,107.47,206.47
2021,2021-01-15,2021-02-08,XLRE,iron_condor,target,24,0.520778,0.484593,94.74,105.26,40.09,86.74
2021,2021-01-15,2021-02-09,XLY,iron_condor,target,25,0.539009,0.376304,223.9,276.1,113.34,215.9
2021,2021-01-19,2021-02-01,AGG,short_call_spread,target,13,0.775384,0.056973,28.26,171.74,12.97,24.26
2021,2021-01-19,2021-02-08,HYG,iron_condor,target,20,0.580453,0.082687,73.52,126.48,35.26,65.52
2021,2021-01-19,2021-02-12,XLB,iron_condor,target,24,0.520107,0.431473,94.94,105.06,48.58,86.94
2021,2021-01-19,2021-02-19,XLC,iron_condor,expiry,31,0.567829,0.353084,199.38,300.62,43.38,43.38
2021,2021-01-19,2021-02-08,XLF,iron_condor,target,20,0.538236,0.435286,45.43,54.57,16.44,37.43
2021,2021-01-19,2021-02-08,XLI,iron_condor,target,20,0.568661,0.339939,202.63,297.37,108.59,194.63
2021,2021-01-19,2021-02-09,XLP,iron_condor,target,21,0.511313,0.221885,97.42,102.58,43.77,89.42
2021,2021-01-19,2021-02-08,XLU,iron_condor,target,20,0.535377,0.421865,90.61,109.39,39.08,82.61
2021,2021-01-19,2021-02-09,XLV,iron_condor,target,21,0.570524,0.238382,200.39,299.61,93.87,192.39
2021,2021-01-20,2021-02-16,EFA,short_put_spread,target,27,0.730076,0.256392,105.2,394.8,53.65,101.2
2021,2021-01-20,2021-02-24,FXI,short_call_spread,target,35,0.768207,0.464295,22.28,77.72,10.38,18.28
2021,2021-01-20,2021-02-16,KRE,short_put_spread,target,27,0.625151,0.654409,73.01,126.99,32.67,69.01
2021,2021-01-20,2021-03-19,LQD,iron_condor,expiry,58,0.58786,0.107058,179.51,320.49,-328.49,-328.49
2021,2021-01-21,2021-01-27,SMH,short_call_spread,target,6,0.771653,0.457642,105.27,394.73,54.92,101.27
2021,2021-01-21,2021-02-16,XLE,short_put_spread,target,26,0.640674,0.674596,34.57,65.43,14.77,30.57
2021,2021-02-24,2021-04-15,AGG,iron_condor,target,50,0.666914,0.033113,39.42,160.58,14.02,-14.58
2021,2021-02-24,2021-04-14,EEM,short_put_spread,target,49,0.703172,0.299653,53.89,146.11,30.88,49.89
2021,2021-02-24,2021-04-01,GDX,iron_condor,target,36,0.53581,0.464833,90.82,109.18,46.74,82.82
2021,2021-02-24,2021-04-16,IEF,iron_condor,expiry,51,0.59126,0.046755,69.02,130.98,-109.98,-109.98
2021,2021-02-24,2021-04-15,TLT,short_put_spread,target,50,0.719825,0.130809,51.09,148.91,46.89,47.09
2021,2021-02-24,2021-03-30,VNQ,iron_condor,target,34,0.534615,0.176767,91.2,108.8,38.11,-28.8
2021,2021-02-24,2021-03-29,XLC,iron_condor,target,33,0.573593,0.249217,194.21,305.79,104.06,186.21
2021,2021-02-24,2021-04-16,XLI,iron_condor,expiry,51,0.56793,0.233925,201.49,298.51,-20.51,-20.51
2021,2021-02-24,2021-04-16,XLP,iron_condor,expiry,51,0.590142,0.161484,75.74,124.26,-113.26,-113.26
2021,2021-02-24,2021-03-31,XLRE,iron_condor,target,35,0.562839,0.158477,79.93,120.07,33.42,-68.07
2021,2021-02-24,2021-04-16,XLU,iron_condor,expiry,51,0.607646,0.220221,66.6,133.4,-101.9,-101.9
2021,2021-02-24,2021-03-30,XLV,iron_condor,target,34,0.557761,0.198874,209.33,290.67,107.06,53.33
2021,2021-02-24,2021-03-03,XLY,short_call_spread,target,7,0.759281,0.293249,98.82,401.18,51.14,1.32
2021,2021-02-25,2021-03-26,HYG,iron_condor,target,29,0.594432,0.081504,71.27,128.73,28.38,63.27
2021,2021-02-25,2021-04-16,XBI,short_put_spread,expiry,50,0.622119,0.685475,184.22,315.78,-64.78,-64.78
2021,2021-02-25,2021-04-16,XLB,iron_condor,expiry,50,0.550603,0.32123,86.55,113.45,-54.45,-54.45
2021,2021-02-25,2021-03-31,XLF,iron_condor,target,34,0.512033,0.345347,48.39,51.61,17.05,40.39
2021,2021-02-25,2021-03-29,XLK,iron_condor,target,32,0.546086,0.414404,218.56,281.44,109.93,210.56
2021,2021-02-26,2021-04-09,EWZ,short_call_spread,target,42,0.794054,0.686472,19.62,80.38,8.67,15.62
2021,2021-02-26,2021-03-12,IWM,short_put_spread,target,14,0.657168,0.454832,166.0,334.0,83.57,162.0
2021,2021-02-26,2021-03-31,QQQ,short_put_spread,target,33,0.664812,0.386828,162.96,337.04,81.35,158.96
2021,2021-03-01,2021-04-01,GLD,iron_condor,target,31,0.51734,0.255477,238.77,261.23,120.5,230.77
2021,2021-03-24,2021-05-12,EFA,iron_condor,target,49,0.60182,0.162039,161.62,338.38,86.58,-49.38
2021,2021-03-24,2021-05-10,FXI,short_call_spread,target,47,0.738266,0.36085,24.9,75.1,15.63,20.9
2021,2021-03-24,2021-04-29,LQD,iron_condor,target,36,0.564497,0.122653,200.07,299.93,96.61,192.07
2021,2021-03-24,2021-04-28,XLE,short_put_spread,target,35,0.678483,0.386456,29.97,70.03,11.95,25.97
2021,2021-03-31,2021-05-21,SLV,iron_condor,expiry,51,0.569482,0.356266,41.37,58.63,-19.63,-19.63
2021,2021-03-31,2021-05-19,SMH,short_put_spread,target,49,0.62303,0.693503,182.98,317.02,136.24,178.98
2021,2021-04-05,2021-04-29,KRE,short_put_spread,target,24,0.654815,0.451648,66.26,133.74,29.19,62.26
2021,2021-04-08,2021-05-12,SPY,short_call_spread,target,34,0.737917,0.1695,122.42,377.58,102.94,118.42
2021,2021-04-09,2021-05-12,DIA,short_call_spread,target,33,0.745657,0.144149,114.76,385.24,97.32,110.76
2021,2021-04-19,2021-05-06,AGG,iron_condor,target,17,0.619617,0.05265,57.81,142.19,21.12,49.81
2021,2021-04-19,2021-05-10,EEM,iron_condor,target,21,0.530758,0.292916,92.14,107.86,38.34,84.14
2021,2021-04-19,2021-05-05,EWZ,short_put_spread,target,16,0.703875,0.441119,27.77,72.23,11.17,23.77
2021,2021-04-19,2021-05-21,GLD,short_call_spread,expiry,32,0.748947,0.237379,108.37,391.63,-199.63,-199.63
2021,2021-04-19,2021-05-10,HYG,iron_condor,target,21,0.588089,0.053185,63.1,136.9,26.04,55.1
2021,2021-04-19,2021-05-10,IEF,iron_condor,target,21,0.57722,0.083614,77.25,122.75,38.08,69.25
2021,2021-04-19,2021-05-10,XLC,iron_condor,target,21,0.568439,0.277172,197.44,302.56,106.27,189.44
2021,2021-04-19,2021-05-12,XLI,short_call_spread,target,23,0.777204,0.210872,79.77,420.23,49.46,75.77
2021,2021-04-19,2021-05-20,XLK,iron_condor,target,31,0.577519,0.31922,191.61,308.39,158.07,183.61
2021,2021-04-19,2021-05-12,XLP,short_call_spread,target,23,0.756213,0.186666,40.31,159.69,24.01,36.31
2021,2021-04-19,2021-05-10,XLU,iron_condor,target,21,0.60598,0.184053,62.75,137.25,26.26,54.75
2021,2021-04-19,2021-05-11,XLV,iron_condor,target,22,0.567635,0.192428,199.94,300.06,115.3,191.94
2021,2021-04-19,2021-05-21,XLY,iron_condor,expiry,32,0.588898,0.244221,182.06,317.94,1.56,1.56
2021,2021-04-20,2021-05-07,GDX,short_put_spread,target,17,0.681493,0.521452,57.85,142.15,30.05,53.85
2021,2021-04-20,2021-05-11,VNQ,iron_condor,target,21,0.529358,0.21606,92.76,107.24,44.15,84.76
2021,2021-04-20,2021-05-20,XLB,iron_condor,target,30,0.568332,0.299389,81.2,118.8,34.59,43.2
2021,2021-04-20,2021-05-10,XLRE,iron_condor,target,20,0.580736,0.223734,75.94,124.06,37.14,67.94
2021,2021-04-21,2021-06-01,IWM,short_put_spread,target,41,0.664235,0.40533,162.11,337.89,97.2,158.11
2021,2021-04-22,2021-05-11,TLT,short_call_spread,target,19,0.745654,0.202877,47.86,152.14,22.64,43.86
2021,2021-04-22,2021-05-10,XBI,short_call_spread,target,18,0.781889,0.591444,102.77,397.23,59.53,98.77
2021,2021-04-23,2021-06-10,XLF,iron_condor,target,48,0.528596,0.240541,46.35,53.65,18.38,38.35
2021,2021-05-04,2021-06-04,QQQ,short_put_spread,target,31,0.675219,0.301353,156.66,343.34,89.95,152.66
2021,2021-05-27,2021-06-21,AGG,iron_condor,target,25,0.672616,0.032714,37.49,162.51,11.35,29.49
2021,2021-05-27,2021-06-02,EWZ,short_put_spread,target,6,0.693174,0.346073,28.95,71.05,13.93,24.95
2021,2021-05-27,2021-07-16,GDX,iron_condor,expiry,50,0.519162,0.3352,94.95,105.05,-113.05,-113.05
2021,2021-05-27,2021-07-16,GLD,iron_condor,expiry,50,0.548108,0.123499,215.97,284.03,-292.03,-292.03
2021,2021-05-27,2021-07-06,HYG,iron_condor,target,40,0.583183,0.043695,65.88,134.12,25.83,57.88
2021,2021-05-27,2021-07-13,LQD,iron_condor,target,47,0.61793,0.063066,120.78,379.22,65.27,15.78
2021,2021-05-27,2021-07-16,VNQ,iron_condor,expiry,50,0.517951,0.190361,95.36,104.64,-43.64,-43.64
2021,2021-05-27,2021-07-16,XLB,short_put_spread,expiry,50,0.745206,0.20976,40.24,159.76,-109.26,-109.26
2021,2021-05-27,2021-06-29,XLC,iron_condor,target,33,0.593726,0.216136,177.43,322.57,82.85,169.43
2021,2021-05-27,2021-07-02,XLI,iron_condor,target,36,0.561422,0.19921,205.59,294.41,98.18,188.59
2021,2021-05-27,2021-06-30,XLP,iron_condor,target,34,0.581066,0.130606,77.27,122.73,34.29,69.27
2021,2021-05-27,2021-07-16,XLRE,iron_condor,expiry,50,0.566588,0.181604,80.31,119.69,-50.69,-50.69
2021,2021-05-27,2021-06-10,XLU,short_put_spread,target,14,0.787012,0.190322,27.02,172.98,10.84,23.02
2021,2021-05-27,2021-07-16,XLV,iron_condor,expiry,50,0.623482,0.110036,146.84,353.16,-23.16,-23.16
2021,2021-05-28,2021-06-28,EEM,iron_condor,target,31,0.559636,0.21228,84.11,115.89,37.72,76.11
2021,2021-05-28,2021-07-07,EFA,iron_condor,target,40,0.57714,0.182163,186.22,313.78,101.99,110.22
2021,2021-05-28,2021-06-25,IEF,iron_condor,target,28,0.620393,0.042499,57.33,142.67,23.55,-46.67
2021,2021-05-28,2021-06-23,XLY,short_put_spread,target,26,0.706647,0.222653,115.98,384.02,67.64,111.98
2021,2021-06-01,2021-07-16,XLE,short_put_spread,expiry,45,0.6486,0.378781,33.2,66.8,-70.8,-70.8
2021,2021-06-01,2021-06-11,XLK,short_put_spread,target,10,0.72687,0.275262,102.39,397.61,47.38,98.39
2021,2021-06-02,2021-07-16,SLV,iron_condor,expiry,44,0.562825,0.267298,41.89,58.11,-66.11,-66.11
2021,2021-06-03,2021-06-24,SMH,short_put_spread,target,21,0.685242,0.401227,145.36,354.64,76.85,141.36
2021,2021-06-07,2021-07-16,KRE,iron_condor,expiry,39,0.51286,0.274957,96.72,103.28,-111.28,-111.28
2021,2021-06-09,2021-07-13,FXI,iron_condor,target,34,0.538909,0.270191,45.33,54.67,18.85,37.33
2021,2021-06-10,2021-06-17,DIA,short_call_spread,target,7,0.730572,0.13569,121.09,378.91,66.38,117.09
2021,2021-06-22,2021-07-29,XLF,short_put_spread,target,37,0.691143,0.315537,29.02,70.98,13.57,25.02
2021,2021-07-14,2021-08-05,IWM,short_put_spread,target,22,0.693388,0.297087,143.58,356.42,73.36,139.58
2021,2021-07-14,2021-08-05,XBI,short_put_spread,target,22,0.698658,0.348069,135.78,364.22,87.7,131.78
2021,2021-07-15,2021-08-06,TLT,short_call_spread,target,22,0.74862,0.24405,47.4,152.6,22.45,43.4
2021,2021-07-19,2021-08-16,AGG,iron_condor,target,28,0.531873,0.076168,91.55,108.45,50.24,83.55
2021,2021-07-19,2021-08-20,EEM,short_put_spread,expiry,32,0.678426,0.314982,58.07,141.93,-95.93,-95.93
2021,2021-07-19,2021-08-17,EFA,iron_condor,target,29,0.578562,0.292966,190.7,309.3,129.26,182.7
2021,2021-07-19,2021-08-11,GDX,iron_condor,target,23,0.527404,0.481771,93.0,107.0,46.26,70.0
2021,2021-07-19,2021-08-16,GLD,iron_condor,target,28,0.529786,0.186606,230.6,269.4,149.12,222.6
2021,2021-07-19,2021-08-09,HYG,iron_condor,target,21,0.608706,0.072069,62.49,137.51,31.57,54.49
2021,2021-07-19,2021-08-13,IEF,iron_condor,target,25,0.591013,0.112387,75.73,124.27,43.86,67.73
2021,2021-07-19,2021-08-18,KRE,short_call_spread,target,30,0.76782,0.70062,43.96,156.04,25.58,39.96
2021,2021-07-19,2021-08-13,LQD,iron_condor,target,25,0.617349,0.112482,146.88,353.12,98.4,138.88
2021,2021-07-19,2021-08-19,XLB,short_call_spread,target,31,0.748411,0.347231,42.66,157.34,22.72,38.66
2021,2021-07-19,2021-08-17,XLC,iron_condor,target,29,0.584628,0.250621,183.12,316.88,115.66,175.12
2021,2021-07-19,2021-08-16,XLI,iron_condor,target,28,0.53894,0.327035,224.11,275.89,109.81,216.11
2021,2021-07-19,2021-08-10,XLK,iron_condor,target,22,0.595299,0.253983,172.87,327.13,84.69,164.87
2021,2021-07-19,2021-08-06,XLP,iron_condor,target,18,0.600326,0.153554,71.78,128.22,28.8,63.78
2021,2021-07-19,2021-08-09,XLRE,iron_condor,target,21,0.563974,0.265031,82.43,117.57,36.88,74.43
2021,2021-07-19,2021-08-20,XLU,iron_condor,expiry,32,0.584401,0.286958,74.94,125.06,-29.56,-29.56
2021,2021-07-19,2021-08-20,XLV,iron_condor,expiry,32,0.564784,0.169201,200.85,299.15,-307.15,-307.15
2021,2021-07-19,2021-08-13,XLY,iron_condor,target,25,0.603158,0.23421,169.89,330.11,92.73,161.89
2021,2021-07-20,2021-08-20,EWZ,short_put_spread,expiry,31,0.63592,0.571786,35.37,64.63,-68.63,-68.63
2021,2021-07-20,2021-08-16,XLE,short_call_spread,target,27,0.752207,0.533876,22.71,77.29,12.93,18.71
2021,2021-07-21,2021-09-03,SLV,iron_condor,target,44,0.517465,0.301174,47.66,52.34,20.91,-60.34
2021,2021-08-03,2021-08-20,FXI,short_call_spread,target,17,0.783123,0.589923,20.73,79.27,7.43,16.73
2021,2021-08-03,2021-08-30,SMH,short_put_spread,target,27,0.678564,0.36752,149.23,350.77,77.11,145.23
2021,2021-08-03,2021-09-10,SPY,short_call_spread,target,38,0.733445,0.1804,125.91,374.09,80.69,121.91
2021,2021-08-23,2021-10-15,AGG,iron_condor,expiry,53,0.536396,0.05789,89.59,110.41,-61.41,-61.41
2021,2021-08-23,2021-09-07,EFA,short_put_spread,target,15,0.72577,0.190689,98.78,401.22,50.22,94.78
2021,2021-08-23,2021-10-14,EWZ,short_put_spread,target,52,0.630695,0.590594,35.98,64.02,14.36,31.98
2021,2021-08-23,2021-10-11,GDX,short_put_spread,target,49,0.669694,0.611509,61.6,138.4,37.87,57.6
2021,2021-08-23,2021-09-16,GLD,short_call_spread,target,24,0.755771,0.31542,112.16,387.84,62.09,108.16
2021,2021-08-23,2021-09-27,HYG,iron_condor,target,35,0.543923,0.074797,86.95,113.05,38.29,78.95
2021,2021-08-23,2021-10-15,IEF,iron_condor,expiry,53,0.570704,0.092576,81.08,118.92,-67.92,-67.92
2021,2021-08-23,2021-09-22,LQD,iron_condor,target,30,0.602958,0.106178,165.9,334.1,76.63,157.9
2021,2021-08-23,2021-09-28,XBI,short_call_spread,target,36,0.793601,0.691015,97.47,402.53,51.48,93.47
2021,2021-08-23,2021-10-07,XLB,iron_condor,target,45,0.523672,0.298535,93.73,106.27,51.89,85.73
2021,2021-08-23,2021-10-07,XLC,iron_condor,target,45,0.571436,0.214146,195.97,304.03,106.93,119.97
2021,2021-08-23,2021-10-06,XLI,iron_condor,target,44,0.540702,0.262108,222.51,277.49,115.22,214.51
2021,2021-08-23,2021-10-07,XLK,iron_condor,target,45,0.580649,0.238729,190.02,309.98,92.14,182.02
2021,2021-08-23,2021-10-12,XLP,iron_condor,target,50,0.5134,0.204949,96.41,103.59,43.37,88.41
2021,2021-08-23,2021-10-12,XLRE,iron_condor,target,50,0.581329,0.191549,77.15,122.85,50.47,69.15
2021,2021-08-23,2021-10-15,XLV,iron_condor,expiry,53,0.529956,0.232364,230.24,269.76,-80.76,-80.76
2021,2021-08-23,2021-09-16,XLY,short_put_spread,target,24,0.7124,0.325264,123.82,376.18,62.7,119.82
2021,2021-08-24,2021-10-12,VNQ,iron_condor,target,49,0.514296,0.175741,96.21,103.79,72.03,88.21
2021,2021-08-24,2021-09-16,XLU,short_call_spread,target,23,0.745447,0.232651,40.38,159.62,19.04,36.38
2021,2021-08-25,2021-10-07,EEM,iron_condor,target,43,0.512063,0.325273,96.73,103.27,58.72,88.73
2021,2021-08-26,2021-09-23,XLE,short_put_spread,target,28,0.640951,0.619017,34.57,65.43,14.67,30.57
2021,2021-08-27,2021-10-05,XLF,iron_condor,target,39,0.53651,0.277791,45.54,54.46,23.8,37.54
2021,2021-09-01,2021-10-12,IWM,short_put_spread,target,41,0.677448,0.37421,154.47,345.53,92.46,150.47
2021,2021-09-02,2021-09-20,QQQ,short_call_spread,target,18,0.740082,0.221807,122.85,377.15,90.83,118.85
2021,2021-09-24,2021-10-08,KRE,short_put_spread,target,14,0.654423,0.416116,66.26,133.74,30.99,62.26
2021,2021-09-28,2021-11-18,SLV,iron_condor,target,51,0.526794,0.434686,46.58,53.42,20.07,38.58
2021,2021-09-28,2021-11-12,TLT,short_call_spread,target,45,0.74907,0.273137,47.89,152.11,25.67,43.89
2021,2021-09-29,2021-10-19,SMH,short_put_spread,target,20,0.678987,0.38142,149.45,350.55,73.91,145.45
2021,2021-10-26,2021-11-26,AGG,iron_condor,target,31,0.616739,0.04195,58.78,141.22,25.41,50.78
2021,2021-10-26,2021-12-07,EFA,iron_condor,target,42,0.617574,0.126068,136.5,363.5,83.28,-106.5
2021,2021-10-26,2021-11-18,EWZ,short_call_spread,target,23,0.756301,0.483002,22.93,77.07,8.93,18.93
2021,2021-10-26,2021-11-11,GDX,short_put_spread,target,16,0.705475,0.266022,48.48,151.52,26.02,-42.52
2021,2021-10-26,2021-11-29,GLD,iron_condor,target,34,0.550665,0.169066,216.14,283.86,102.67,208.14
2021,2021-10-26,2021-12-07,HYG,iron_condor,target,42,0.567074,0.048243,74.94,125.06,34.03,3.94
2021,2021-10-26,2021-11-29,IEF,iron_condor,target,34,0.546723,0.05706,85.95,114.05,35.37,76.95
2021,2021-10-26,2021-12-07,IWM,iron_condor,target,42,0.511587,0.172915,242.17,257.83,113.78,-265.83
2021,2021-10-26,2021-11-29,LQD,iron_condor,target,34,0.604947,0.08135,150.9,349.1,77.77,142.9
2021,2021-10-26,2021-12-17,XBI,iron_condor,expiry,52,0.519834,0.234575,236.86,263.14,-210.14,-210.14
2021,2021-10-26,2021-11-29,XLB,iron_condor,target,34,0.552445,0.187318,84.8,115.2,39.28,76.8
2021,2021-10-26,2021-12-15,XLC,iron_condor,target,50,0.585716,0.234283,186.05,313.95,120.56,126.05
2021,2021-10-26,2021-12-17,XLE,short_put_spread,expiry,52,0.730034,0.274523,24.04,75.96,-61.46,-61.46
2021,2021-10-26,2021-11-16,XLF,short_call_spread,target,21,0.77383,0.209843,20.06,79.94,6.31,16.06
2021,2021-10-26,2021-11-08,XLI,short_put_spread,target,13,0.746163,0.183293,95.62,404.38,48.18,91.62
2021,2021-10-26,2021-11-29,XLP,iron_condor,target,34,0.551473,0.138759,85.85,114.15,39.01,-42.15
2021,2021-10-26,2021-11-29,XLRE,iron_condor,target,34,0.550027,0.170072,85.59,114.41,39.07,72.59
2021,2021-10-26,2021-11-29,XLU,iron_condor,target,34,0.537784,0.200009,89.04,110.96,37.85,80.54
2021,2021-10-26,2021-11-29,XLV,iron_condor,target,34,0.554203,0.184093,212.55,287.45,106.16,204.55
2021,2021-10-26,2021-12-01,XLY,iron_condor,target,36,0.560567,0.206911,206.08,293.92,118.92,198.08
2021,2021-10-27,2021-12-08,EEM,iron_condor,target,42,0.554838,0.192001,84.88,115.12,34.81,-107.12
2021,2021-10-27,2021-12-03,XLK,iron_condor,target,37,0.58122,0.220654,187.75,312.25,91.95,179.75
2021,2021-10-28,2021-12-06,VNQ,iron_condor,target,39,0.511146,0.174805,96.99,103.01,55.86,88.99
2021,2021-11-29,2022-01-04,KRE,short_put_spread,target,36,0.639994,0.556368,69.98,130.02,36.96,65.98
2021,2021-12-02,2021-12-23,DIA,short_put_spread,target,21,0.682627,0.28742,153.0,347.0,81.98,149.0
2021,2021-12-02,2022-01-03,SLV,iron_condor,target,32,0.561973,0.402036,42.29,57.71,15.27,34.29
2021,2021-12-03,2021-12-20,FXI,short_call_spread,target,17,0.760138,0.507762,22.82,77.18,8.01,18.82
2021,2021-12-07,2022-01-21,SMH,short_put_spread,expiry,45,0.675202,0.41183,153.66,346.34,-350.34,-350.34
2022,2022-01-05,2022-02-18,AGG,iron_condor,expiry,44,0.559185,0.042571,79.32,120.68,-128.68,-128.68
2022,2022-01-05,2022-02-03,EEM,iron_condor,target,29,0.530206,0.198802,91.87,108.13,39.74,83.87
2022,2022-01-05,2022-02-09,EFA,iron_condor,target,35,0.597749,0.179916,166.01,333.99,105.76,-11.99
2022,2022-01-05,2022-01-12,EWZ,short_put_spread,target,7,0.664187,0.4409,31.71,68.29,14.62,27.71
2022,2022-01-05,2022-02-01,GDX,iron_condor,target,27,0.57548,0.3253,78.92,121.08,33.59,-79.08
2022,2022-01-05,2022-02-02,GLD,iron_condor,target,28,0.56904,0.12908,199.95,300.05,100.5,-120.05
2022,2022-01-05,2022-02-18,HYG,iron_condor,expiry,44,0.550826,0.058744,83.51,116.49,-124.49,-124.49
2022,2022-01-05,2022-02-18,IEF,iron_condor,expiry,44,0.542975,0.063649,87.44,112.56,-98.56,-98.56
2022,2022-01-05,2022-02-18,LQD,iron_condor,expiry,44,0.633634,0.077616,118.89,381.11,-389.11,-389.11
2022,2022-01-05,2022-02-18,QQQ,short_put_spread,expiry,44,0.681675,0.288452,153.82,346.18,-350.18,-350.18
2022,2022-01-05,2022-02-18,VNQ,iron_condor,expiry,44,0.512156,0.201652,96.83,103.17,-111.17,-111.17
2022,2022-01-05,2022-01-13,XBI,short_call_spread,target,8,0.771544,0.522479,104.14,395.86,52.56,100.14
2022,2022-01-05,2022-02-18,XLB,iron_condor,expiry,44,0.561416,0.189832,82.14,117.86,-125.86,-125.86
2022,2022-01-05,2022-02-02,XLC,iron_condor,target,28,0.594719,0.189799,169.2,330.8,92.18,-338.8
2022,2022-01-05,2022-01-11,XLE,short_put_spread,target,6,0.710211,0.328553,26.42,73.58,12.71,22.42
2022,2022-01-05,2022-02-18,XLI,iron_condor,expiry,44,0.560274,0.211011,206.67,293.33,-267.33,-267.33
2022,2022-01-05,2022-02-09,XLK,iron_condor,target,35,0.547818,0.323307,217.35,282.65,129.76,-168.65
2022,2022-01-05,2022-02-18,XLRE,iron_condor,expiry,44,0.526378,0.234854,93.04,106.96,-114.96,-114.96
2022,2022-01-05,2022-02-18,XLU,iron_condor,expiry,44,0.550323,0.143508,83.69,116.31,-113.31,-113.31
2022,2022-01-05,2022-02-09,XLV,iron_condor,target,35,0.580688,0.166579,192.24,307.76,103.04,-315.76
2022,2022-01-05,2022-02-18,XLY,iron_condor,expiry,44,0.538038,0.312738,224.88,275.12,-283.12,-283.12
2022,2022-01-06,2022-02-18,SPY,short_put_spread,expiry,43,0.691905,0.1961,147.58,352.42,-356.42,-356.42
2022,2022-01-06,2022-02-07,XLF,iron_condor,target,32,0.524626,0.245753,46.92,53.08,19.94,38.92
2022,2022-01-06,2022-02-17,XLP,iron_condor,target,42,0.540594,0.14546,89.07,110.93,52.57,81.07
2022,2022-01-11,2022-01-18,IWM,short_call_spread,target,7,0.74441,0.261883,116.93,383.07,72.83,112.93
2022,2022-01-12,2022-02-18,TLT,short_put_spread,expiry,37,0.717053,0.152394,51.79,148.21,-129.21,-129.21
2022,2022-02-18,2022-03-28,SLV,iron_condor,target,38,0.568704,0.274082,41.04,58.96,15.11,33.04
2022,2022-02-18,2022-03-07,SMH,short_call_spread,target,17,0.787273,0.642762,100.49,399.51,55.19,96.49
2022,2022-02-22,2022-04-14,AGG,iron_condor,expiry,51,0.538602,0.077796,89.19,110.81,-118.81,-118.81
2022,2022-02-22,2022-04-04,EEM,iron_condor,target,41,0.521486,0.265285,94.32,105.68,40.72,-90.68
2022,2022-02-22,2022-03-28,EFA,iron_condor,target,34,0.571223,0.220798,194.27,305.73,94.13,186.27
2022,2022-02-22,2022-03-03,FXI,short_call_spread,target,9,0.760555,0.36272,22.29,77.71,8.65,18.29
2022,2022-02-22,2022-03-28,GLD,iron_condor,target,34,0.52653,0.17171,232.45,267.55,112.69,224.45
2022,2022-02-22,2022-03-29,HYG,iron_condor,target,35,0.569154,0.091809,79.52,120.48,37.64,-104.48
2022,2022-02-22,2022-04-14,IEF,iron_condor,expiry,51,0.512071,0.101178,96.92,103.08,-111.08,-111.08
2022,2022-02-22,2022-03-17,IWM,short_put_spread,target,23,0.678378,0.348985,152.95,347.05,82.59,148.95
2022,2022-02-22,2022-04-14,LQD,iron_condor,expiry,51,0.589687,0.109403,173.89,326.11,-334.11,-334.11
2022,2022-02-22,2022-03-18,SPY,short_put_spread,target,24,0.677949,0.2881,156.4,343.6,83.38,152.4
2022,2022-02-22,2022-03-10,TLT,short_call_spread,target,16,0.727651,0.200871,51.36,148.64,27.09,47.36
2022,2022-02-22,2022-03-29,XBI,short_put_spread,target,35,0.650473,0.616042,165.49,334.51,109.32,161.49
2022,2022-02-22,2022-04-11,XLB,iron_condor,target,48,0.511414,0.268838,97.05,102.95,40.98,36.05
2022,2022-02-22,2022-03-28,XLC,iron_condor,target,34,0.5306,0.466995,229.58,270.42,112.35,221.58
2022,2022-02-22,2022-04-05,XLI,iron_condor,target,42,0.550344,0.236055,214.7,285.3,137.07,206.7
2022,2022-02-22,2022-03-31,XLK,iron_condor,target,37,0.518968,0.426513,237.3,262.7,123.5,229.3
2022,2022-02-22,2022-03-29,XLP,iron_condor,target,35,0.517789,0.146432,95.34,104.66,42.28,3.34
2022,2022-02-22,2022-04-14,XLRE,iron_condor,expiry,51,0.539321,0.311268,89.8,110.2,5.8,5.8
2022,2022-02-22,2022-04-14,XLU,iron_condor,expiry,51,0.584315,0.217347,74.46,125.54,-133.54,-133.54
2022,2022-02-22,2022-04-14,XLV,iron_condor,expiry,51,0.557805,0.203734,210.62,289.38,-261.38,-261.38
2022,2022-02-22,2022-03-18,XLY,short_put_spread,target,24,0.67639,0.429515,147.43,352.57,74.19,143.43
2022,2022-02-24,2022-03-02,EWZ,short_put_spread,target,6,0.752091,0.242861,21.64,78.36,7.81,17.64
2022,2022-02-25,2022-04-14,GDX,iron_condor,expiry,48,0.554598,0.393295,85.83,114.17,-122.17,-122.17
2022,2022-02-25,2022-03-02,XLE,short_put_spread,target,5,0.686858,0.287918,29.09,70.91,12.53,25.09
2022,2022-04-06,2022-05-20,QQQ,short_put_spread,expiry,44,0.672439,0.355031,159.07,340.93,-344.93,-344.93
2022,2022-04-07,2022-05-20,KRE,iron_condor,expiry,43,0.517884,0.309759,95.45,104.55,-112.55,-112.55
2022,2022-04-07,2022-04-22,XLF,short_call_spread,target,15,0.714903,0.224912,25.86,74.14,13.59,21.86
2022,2022-04-18,2022-05-11,AGG,iron_condor,target,23,0.618263,0.098928,66.41,133.59,29.51,58.41
2022,2022-04-18,2022-05-20,EEM,iron_condor,expiry,32,0.516024,0.266107,96.29,103.71,-97.71,-97.71
2022,2022-04-18,2022-05-20,EFA,iron_condor,expiry,32,0.583905,0.216667,175.64,324.36,-55.36,-55.36
2022,2022-04-18,2022-05-20,EWZ,short_put_spread,expiry,32,0.691529,0.320922,28.62,71.38,-75.38,-75.38
2022,2022-04-18,2022-05-17,FXI,short_put_spread,target,29,0.696381,0.521755,28.62,71.38,16.03,24.62
2022,2022-04-18,2022-05-20,GDX,iron_condor,expiry,32,0.563465,0.346143,83.23,116.77,-124.77,-124.77
2022,2022-04-18,2022-05-20,GLD,iron_condor,expiry,32,0.554669,0.157957,212.35,287.65,-295.65,-295.65
2022,2022-04-18,2022-05-11,IEF,iron_condor,target,23,0.535101,0.128073,90.78,109.22,39.32,82.78
2022,2022-04-18,2022-04-29,LQD,short_call_spread,target,11,0.772769,0.153473,75.23,424.77,49.36,71.23
2022,2022-04-18,2022-05-20,SLV,iron_condor,expiry,32,0.575177,0.246226,39.6,60.4,-68.4,-68.4
2022,2022-04-18,2022-05-17,SMH,short_put_spread,target,29,0.674616,0.498708,151.87,348.13,114.43,147.87
2022,2022-04-18,2022-05-20,SPY,short_put_spread,expiry,32,0.689993,0.2217,148.2,351.8,-355.8,-355.8
2022,2022-04-18,2022-05-20,XLB,iron_condor,expiry,32,0.611928,0.189283,65.85,134.15,-121.15,-121.15
2022,2022-04-18,2022-05-20,XLI,iron_condor,expiry,32,0.584888,0.155366,174.8,325.2,-333.2,-333.2
2022,2022-04-18,2022-05-20,XLK,iron_condor,expiry,32,0.564085,0.354296,204.06,295.94,-250.94,-250.94
2022,2022-04-18,2022-05-16,XLP,iron_condor,target,28,0.544672,0.136949,87.62,112.38,50.49,-120.38
2022,2022-04-18,2022-05-20,XLRE,iron_condor,expiry,32,0.565561,0.248392,82.0,118.0,-126.0,-126.0
2022,2022-04-18,2022-04-22,XLU,short_call_spread,target,4,0.758898,0.173648,31.81,168.19,13.0,27.81
2022,2022-04-18,2022-05-20,XLV,iron_condor,expiry,32,0.554094,0.228855,213.36,286.64,-116.64,-116.64
2022,2022-04-18,2022-05-20,XLY,short_put_spread,expiry,32,0.717663,0.368568,118.55,381.45,-385.45,-385.45
2022,2022-04-19,2022-05-20,HYG,iron_condor,expiry,31,0.558626,0.128848,83.22,116.78,-124.78,-124.78
2022,2022-04-19,2022-05-20,XBI,iron_condor,expiry,31,0.516822,0.555399,239.46,260.54,-268.54,-268.54
2022,2022-04-20,2022-05-02,TLT,short_call_spread,target,12,0.74395,0.230602,48.21,151.79,23.03,44.21
2022,2022-04-21,2022-06-02,XLC,iron_condor,target,42,0.545344,0.378986,218.45,281.55,110.68,-289.55
2022,2022-04-22,2022-05-06,XLE,short_put_spread,target,14,0.63492,0.432158,35.39,64.61,15.97,31.39
2022,2022-04-25,2022-06-17,IWM,short_put_spread,expiry,53,0.670729,0.343981,156.83,343.17,-347.17,-347.17
2022,2022-06-16,2022-08-05,AGG,iron_condor,target,50,0.524023,0.110173,93.65,106.35,85.65,85.65
2022,2022-06-16,2022-07-18,EFA,iron_condor,target,32,0.557067,0.313969,207.68,292.32,102.71,199.68
2022,2022-06-16,2022-08-04,GLD,iron_condor,target,49,0.519803,0.18403,237.0,263.0,116.26,-42.0
2022,2022-06-16,2022-07-26,HYG,iron_condor,target,40,0.522547,0.226555,94.19,105.81,46.48,82.19
2022,2022-06-16,2022-07-20,IEF,iron_condor,target,34,0.556439,0.134341,85.43,114.57,38.06,77.43
2022,2022-06-16,2022-07-20,LQD,iron_condor,target,34,0.561784,0.159272,202.75,297.25,98.48,192.75
2022,2022-06-16,2022-08-05,SLV,iron_condor,expiry,50,0.581133,0.308676,39.44,60.56,-35.56,-35.56
2022,2022-06-16,2022-07-15,SMH,short_put_spread,target,29,0.65603,0.510281,162.14,337.86,97.67,158.14
2022,2022-06-16,2022-08-05,VNQ,short_call_spread,expiry,50,0.747456,0.342698,47.56,152.44,-156.44,-156.44
2022,2022-06-16,2022-06-22,XBI,short_put_spread,target,6,0.668385,0.561893,150.44,349.56,83.86,146.44
2022,2022-06-16,2022-07-05,XLB,short_call_spread,target,19,0.782851,0.346527,36.93,163.07,18.07,32.93
2022,2022-06-16,2022-08-05,XLK,iron_condor,expiry,50,0.540141,0.41754,222.39,277.61,-285.61,-285.61
2022,2022-06-16,2022-08-05,XLP,iron_condor,expiry,50,0.516669,0.216595,95.61,104.39,-76.39,-76.39
2022,2022-06-16,2022-08-05,XLU,short_call_spread,expiry,50,0.765795,0.289873,37.88,162.12,-166.12,-166.12
2022,2022-06-16,2022-08-05,XLV,iron_condor,expiry,50,0.536857,0.234035,225.26,274.74,-227.74,-227.74
2022,2022-07-13,2022-08-08,EEM,iron_condor,target,26,0.603006,0.257812,70.84,129.16,27.76,62.84
2022,2022-07-13,2022-08-08,GDX,short_put_spread,target,26,0.744348,0.396182,39.94,160.06,25.09,35.94
2022,2022-07-13,2022-08-09,XLC,iron_condor,target,27,0.584246,0.339693,183.06,316.94,90.87,175.06
2022,2022-07-13,2022-07-25,XLE,short_put_spread,target,12,0.660318,0.54353,32.7,67.3,14.16,28.7
2022,2022-07-13,2022-08-19,XLF,iron_condor,expiry,37,0.576972,0.236788,40.1,59.9,-67.9,-67.9
2022,2022-07-13,2022-08-19,XLI,iron_condor,expiry,37,0.574392,0.248145,194.16,305.84,-313.84,-313.84
2022,2022-07-13,2022-08-19,XLRE,iron_condor,expiry,37,0.625749,0.227791,64.02,135.98,-111.98,-111.98
2022,2022-07-13,2022-08-19,XLY,iron_condor,expiry,37,0.547269,0.417493,217.93,282.07,-290.07,-290.07
2022,2022-07-14,2022-08-19,KRE,iron_condor,expiry,36,0.518837,0.270001,95.24,104.76,-112.76,-112.76
2022,2022-07-18,2022-08-11,TLT,short_call_spread,target,24,0.738275,0.245263,48.53,151.47,31.88,44.53
2022,2022-07-19,2022-08-19,DIA,short_call_spread,expiry,31,0.735875,0.211571,121.91,378.09,-382.09,-382.09
2022,2022-07-19,2022-08-19,EWZ,iron_condor,expiry,31,0.569211,0.313702,41.14,58.86,-66.86,-66.86
2022,2022-07-19,2022-08-19,QQQ,short_call_spread,expiry,31,0.739423,0.297047,122.59,377.41,-381.41,-381.41
2022,2022-07-20,2022-08-31,IWM,short_call_spread,target,42,0.75388,0.28351,113.12,386.88,54.45,109.12
2022,2022-07-26,2022-09-16,FXI,short_put_spread,expiry,52,0.686036,0.306082,29.15,70.85,-74.85,-74.85
2022,2022-08-08,2022-09-16,AGG,iron_condor,expiry,39,0.542059,0.094883,88.34,111.66,-119.66,-119.66
2022,2022-08-08,2022-09-12,EFA,iron_condor,target,35,0.621947,0.207755,141.72,358.28,94.15,-126.28
2022,2022-08-08,2022-09-16,GLD,iron_condor,expiry,39,0.575394,0.147924,196.5,303.5,-311.5,-311.5
2022,2022-08-08,2022-09-16,HYG,iron_condor,expiry,39,0.543089,0.124671,88.0,112.0,-120.0,-120.0
2022,2022-08-08,2022-09-16,IEF,iron_condor,expiry,39,0.559831,0.126774,84.25,115.75,-123.75,-123.75
2022,2022-08-08,2022-09-16,LQD,iron_condor,expiry,39,0.62325,0.135926,147.52,352.48,-250.48,-250.48
2022,2022-08-08,2022-09-16,SMH,short_put_spread,expiry,39,0.701921,0.338966,133.16,366.84,-370.84,-370.84
2022,2022-08-08,2022-09-12,VNQ,iron_condor,target,35,0.510242,0.201305,97.37,102.63,70.25,-110.63
2022,2022-08-08,2022-08-30,XLB,short_call_spread,target,22,0.724168,0.205124,43.06,156.94,26.11,39.06
2022,2022-08-08,2022-09-12,XLK,iron_condor,target,35,0.56758,0.291387,199.61,300.39,93.2,-308.39
2022,2022-08-08,2022-09-07,XLP,iron_condor,target,30,0.60562,0.129345,70.09,129.91,27.23,-104.91
2022,2022-08-08,2022-08-12,XLU,short_put_spread,target,4,0.761096,0.186748,32.03,167.97,16.26,28.03
2022,2022-08-08,2022-09-08,XLV,iron_condor,target,31,0.562248,0.195353,206.4,293.6,114.08,143.4
2022,2022-08-09,2022-09-12,XBI,short_put_spread,target,34,0.670096,0.518708,152.09,347.91,95.28,-24.91
2022,2022-08-16,2022-08-19,SLV,short_call_spread,target,3,0.785306,0.370729,17.59,82.41,7.18,13.59
2022,2022-08-22,2022-10-21,EEM,iron_condor,expiry,60,0.533024,0.161047,90.57,109.43,-117.43,-117.43
2022,2022-08-22,2022-09-22,EWZ,short_put_spread,target,31,0.695849,0.347556,28.42,71.58,13.4,24.42
2022,2022-08-22,2022-10-04,GDX,short_put_spread,target,43,0.682287,0.364978,54.49,145.51,32.96,50.49
2022,2022-08-22,2022-10-21,TLT,short_put_spread,expiry,60,0.684237,0.252822,60.25,139.75,-143.75,-143.75
2022,2022-08-22,2022-10-21,XLC,iron_condor,expiry,60,0.559211,0.339941,206.52,293.48,-86.48,-86.48
2022,2022-08-22,2022-10-21,XLI,iron_condor,expiry,60,0.568368,0.224606,201.97,298.03,-237.03,-237.03
2022,2022-08-22,2022-10-21,XLRE,iron_condor,expiry,60,0.559306,0.238645,84.03,115.97,-123.97,-123.97
2022,2022-08-22,2022-10-21,XLY,iron_condor,expiry,60,0.524964,0.403848,233.29,266.71,-254.71,-254.71
2022,2022-08-23,2022-10-06,XLE,short_put_spread,target,44,0.668553,0.440848,31.97,68.03,12.81,27.97
2022,2022-08-25,2022-10-21,XLF,iron_condor,expiry,57,0.52719,0.248565,46.52,53.48,-42.48,-42.48
2022,2022-09-23,2022-11-10,AGG,iron_condor,target,48,0.603223,0.083019,70.6,129.4,41.72,62.6
2022,2022-09-23,2022-10-28,GLD,iron_condor,target,35,0.555744,0.164332,211.97,288.03,101.4,-75.03
2022,2022-09-23,2022-11-02,HYG,iron_condor,target,40,0.538456,0.162622,89.79,110.21,46.16,81.79
2022,2022-09-23,2022-11-10,IEF,iron_condor,target,48,0.582872,0.10575,77.7,122.3,52.71,69.7
2022,2022-09-23,2022-11-18,SLV,short_call_spread,expiry,56,0.750607,0.410005,22.17,77.83,-6.83,-6.83
2022,2022-09-23,2022-10-26,XLK,iron_condor,target,33,0.577384,0.350533,195.09,304.91,92.83,187.09
2022,2022-09-23,2022-11-10,XLU,iron_condor,target,48,0.548464,0.27058,86.64,113.36,45.1,78.64
2022,2022-09-26,2022-11-18,EFA,short_call_spread,expiry,53,0.76121,0.322462,91.31,408.69,-412.69,-412.69
2022,2022-09-26,2022-11-15,FXI,short_put_spread,target,50,0.691566,0.391503,28.71,71.29,24.1,24.71
2022,2022-09-26,2022-11-01,LQD,iron_condor,target,36,0.573287,0.173905,194.65,305.35,100.5,186.65
2022,2022-09-26,2022-10-07,VNQ,short_call_spread,target,11,0.753071,0.344002,46.31,153.69,19.75,42.31
2022,2022-09-26,2022-11-18,XLV,iron_condor,expiry,53,0.511407,0.289871,242.28,257.72,-222.72,-222.72
2022,2022-09-27,2022-11-18,XLB,short_call_spread,expiry,52,0.782826,0.358097,36.62,163.38,-167.38,-167.38
2022,2022-09-28,2022-10-25,XLP,short_put_spread,target,27,0.680252,0.232741,58.75,141.25,33.37,54.75
2022,2022-09-29,2022-11-09,KRE,iron_condor,target,41,0.522538,0.3121,94.23,105.77,41.04,86.23
2022,2022-09-29,2022-11-04,XBI,short_call_spread,target,36,0.786744,0.582326,95.6,404.4,51.39,91.6
2022,2022-09-30,2022-11-01,SMH,iron_condor,target,32,0.514877,0.407102,240.12,259.88,113.45,-267.88
2022,2022-10-03,2022-11-18,IWM,short_call_spread,expiry,46,0.761275,0.341624,109.59,390.41,33.59,33.59
2022,2022-12-09,2023-01-06,AGG,iron_condor,target,28,0.523615,0.101142,93.89,106.11,40.57,85.89
2022,2022-12-09,2023-01-03,EFA,iron_condor,target,25,0.627658,0.188398,135.4,364.6,63.54,26.4
2022,2022-12-09,2023-01-03,GDX,short_put_spread,target,25,0.716668,0.439328,48.22,151.78,25.83,44.22
2022,2022-12-09,2023-01-06,HYG,iron_condor,target,28,0.540642,0.125883,88.71,111.29,40.52,80.71
2022,2022-12-09,2023-01-06,IEF,iron_condor,target,28,0.576747,0.12302,79.55,120.45,41.22,71.55
2022,2022-12-09,2023-01-06,LQD,iron_condor,target,28,0.57443,0.14843,189.32,310.68,101.08,181.32
2022,2022-12-09,2023-01-09,XBI,iron_condor,target,31,0.540693,0.40274,223.03,276.97,141.72,215.03
2022,2022-12-09,2022-12-19,XLC,short_call_spread,target,10,0.783899,0.316407,72.63,427.37,48.96,58.63
2022,2022-12-09,2022-12-21,XLE,short_put_spread,target,12,0.704787,0.345794,27.75,72.25,11.03,23.75
2022,2022-12-09,2023-01-04,XLI,iron_condor,target,26,0.578254,0.17863,188.35,311.65,93.96,180.35
2022,2022-12-09,2023-01-09,XLK,iron_condor,target,31,0.570714,0.338588,198.38,301.62,94.34,190.38
2022,2022-12-09,2022-12-19,XLP,short_call_spread,target,10,0.782413,0.156541,35.38,164.62,18.8,31.38
2022,2022-12-09,2023-01-09,XLRE,iron_condor,target,31,0.568142,0.267024,81.01,118.99,39.59,73.01
2022,2022-12-09,2023-01-13,XLV,iron_condor,target,35,0.539645,0.178684,222.68,277.32,111.37,105.68
2022,2022-12-09,2023-01-11,XLY,iron_condor,target,33,0.555557,0.305364,209.29,290.71,140.75,201.29
2022,2022-12-12,2022-12-13,EWZ,short_call_spread,target,1,0.782195,0.413282,19.77,80.23,9.88,15.77
2022,2022-12-12,2023-01-20,GLD,iron_condor,expiry,39,0.54645,0.175236,218.62,281.38,-289.38,-289.38
2022,2022-12-12,2023-01-06,XLB,iron_condor,target,25,0.581072,0.256432,77.37,122.63,32.88,69.37
2022,2022-12-13,2022-12-28,EEM,short_call_spread,target,15,0.724805,0.237212,44.47,155.53,21.63,-132.53
2022,2022-12-13,2023-01-20,QQQ,short_put_spread,target,38,0.686869,0.294368,149.29,350.71,145.29,145.29
2022,2022-12-13,2023-01-09,XLU,iron_condor,target,27,0.60365,0.21886,68.38,131.62,34.53,21.88
2022,2022-12-14,2023-01-09,IWM,iron_condor,target,26,0.527856,0.23624,232.38,267.62,110.45,224.38
2022,2022-12-14,2023-01-09,SLV,iron_condor,target,26,0.542929,0.359531,44.51,55.49,15.41,36.51
2022,2022-12-14,2023-01-10,SMH,iron_condor,target,27,0.510239,0.396484,243.5,256.5,116.78,235.5
2022,2022-12-14,2022-12-20,TLT,short_call_spread,target,6,0.752555,0.257216,45.82,154.18,25.79,41.82
2022,2022-12-14,2023-01-09,XLF,iron_condor,target,26,0.516824,0.188042,47.91,52.09,18.15,39.91
2023,2023-01-09,2023-02-17,KRE,short_call_spread,expiry,39,0.752537,0.234789,42.43,157.57,-81.57,-81.57
2023,2023-01-17,2023-02-03,FXI,short_call_spread,target,17,0.763571,0.434188,21.67,78.33,6.97,17.67
2023,2023-01-23,2023-03-13,AGG,iron_condor,target,49,0.513234,0.092643,96.81,103.19,46.81,88.81
2023,2023-01-23,2023-03-17,EEM,iron_condor,expiry,53,0.535661,0.202001,90.02,109.98,-117.98,-117.98
2023,2023-01-23,2023-03-03,EFA,iron_condor,target,39,0.585349,0.166302,172.86,327.14,103.38,-117.14
2023,2023-01-23,2023-03-17,EWZ,short_put_spread,expiry,53,0.67932,0.45082,30.39,69.61,-35.61,-35.61
2023,2023-01-23,2023-02-03,GLD,short_call_spread,target,11,0.739944,0.149175,110.18,389.82,76.58,106.18
2023,2023-01-23,2023-03-17,HYG,iron_condor,expiry,53,0.558408,0.124884,83.81,116.19,-87.19,-87.19
2023,2023-01-23,2023-03-10,IEF,iron_condor,target,46,0.549745,0.117658,86.79,113.21,37.96,78.79
2023,2023-01-23,2023-03-15,LQD,iron_condor,target,51,0.603868,0.129538,164.87,335.13,94.76,155.87
2023,2023-01-23,2023-03-17,SLV,short_put_spread,expiry,53,0.657862,0.274014,30.97,69.03,-10.03,-10.03
2023,2023-01-23,2023-03-17,XBI,iron_condor,expiry,53,0.526607,0.36426,232.34,267.66,-275.66,-275.66
2023,2023-01-23,2023-02-28,XLB,iron_condor,target,36,0.556687,0.23129,84.27,115.73,34.63,-123.73
2023,2023-01-23,2023-02-21,XLC,short_call_spread,target,29,0.771993,0.225614,72.77,427.23,34.55,68.77
2023,2023-01-23,2023-02-27,XLI,iron_condor,target,35,0.5463,0.213895,217.15,282.85,111.18,176.15
2023,2023-01-23,2023-03-03,XLRE,iron_condor,target,39,0.511692,0.279231,96.96,103.04,41.03,-88.04
2023,2023-01-23,2023-03-16,XLU,iron_condor,target,52,0.539188,0.191163,88.52,111.48,55.68,29.02
2023,2023-01-23,2023-02-28,XLY,iron_condor,target,36,0.549624,0.273519,213.66,286.34,104.52,205.66
2023,2023-01-24,2023-02-22,XLK,iron_condor,target,29,0.599931,0.265638,174.45,325.55,80.05,166.45
2023,2023-01-24,2023-03-17,XLV,iron_condor,expiry,52,0.56971,0.136689,197.59,302.41,-310.41,-310.41
2023,2023-01-25,2023-03-03,XLF,iron_condor,target,37,0.555142,0.184094,42.86,57.14,19.18,-65.14
2023,2023-01-25,2023-03-02,XLP,iron_condor,target,36,0.539478,0.190717,89.79,110.21,38.7,81.79
2023,2023-01-26,2023-02-28,IWM,iron_condor,target,33,0.512201,0.213512,241.86,258.14,113.12,-266.14
2023,2023-01-26,2023-02-21,SMH,short_call_spread,target,26,0.768981,0.348107,102.74,397.26,59.63,98.74
2023,2023-01-31,2023-03-17,GDX,short_put_spread,target,45,0.72384,0.370169,46.42,153.58,42.42,42.42
2023,2023-01-31,2023-02-17,VNQ,short_call_spread,target,17,0.757424,0.275616,44.81,155.19,19.04,40.81
2023,2023-02-02,2023-03-02,XLE,iron_condor,target,28,0.529636,0.274602,46.38,53.62,16.15,-61.62
2023,2023-02-07,2023-03-17,DIA,iron_condor,expiry,38,0.513759,0.141298,241.29,258.71,-266.71,-266.71
2023,2023-02-09,2023-02-21,SPY,short_call_spread,target,12,0.739558,0.2071,122.54,377.46,63.56,118.54
2023,2023-03-03,2023-04-21,KRE,iron_condor,expiry,49,0.529127,0.214363,92.37,107.63,-115.63,-115.63
2023,2023-03-03,2023-03-10,QQQ,short_call_spread,target,7,0.74166,0.262756,122.02,377.98,57.75,118.02
2023,2023-03-10,2023-03-28,FXI,short_put_spread,target,18,0.646069,0.450892,33.73,66.27,18.07,29.73
2023,2023-03-13,2023-04-05,TLT,short_put_spread,target,23,0.672596,0.347494,62.91,137.09,30.68,58.91
2023,2023-03-21,2023-04-10,AGG,iron_condor,target,20,0.549486,0.107102,86.1,113.9,36.96,78.1
2023,2023-03-21,2023-04-12,EEM,iron_condor,target,22,0.60864,0.223879,66.64,133.36,27.13,58.64
2023,2023-03-21,2023-04-21,EFA,iron_condor,expiry,31,0.593734,0.25039,170.7,329.3,-0.3,-0.3
2023,2023-03-21,2023-04-19,EWZ,iron_condor,target,29,0.580816,0.303369,39.61,60.39,16.91,31.61
2023,2023-03-21,2023-03-28,GDX,short_put_spread,target,7,0.712634,0.488832,49.1,150.9,28.16,45.1
2023,2023-03-21,2023-04-17,GLD,iron_condor,target,27,0.5301,0.230249,230.91,269.09,147.15,222.91
2023,2023-03-21,2023-04-10,HYG,iron_condor,target,20,0.590744,0.123618,72.74,127.26,34.49,64.74
2023,2023-03-21,2023-04-13,IEF,iron_condor,target,23,0.541649,0.159259,89.26,110.74,45.34,81.26
2023,2023-03-21,2023-03-23,IWM,short_call_spread,target,2,0.751396,0.291896,111.07,388.93,52.98,107.07
2023,2023-03-21,2023-04-10,LQD,iron_condor,target,20,0.6258,0.115062,127.22,372.78,65.53,119.22
2023,2023-03-21,2023-03-31,SMH,short_put_spread,target,10,0.694028,0.329848,136.37,363.63,74.5,132.37
2023,2023-03-21,2023-04-10,XBI,iron_condor,target,20,0.581443,0.323535,190.08,309.92,103.51,55.08
2023,2023-03-21,2023-04-12,XLC,iron_condor,target,22,0.596838,0.258661,160.33,339.67,87.22,152.33
2023,2023-03-21,2023-04-20,XLF,short_call_spread,target,30,0.744513,0.371508,23.29,76.71,14.0,19.29
2023,2023-03-21,2023-04-10,XLI,iron_condor,target,20,0.591963,0.220066,179.42,320.58,99.13,171.42
2023,2023-03-21,2023-03-30,XLK,short_put_spread,target,9,0.738709,0.248743,87.84,412.16,52.05,83.84
2023,2023-03-21,2023-04-21,XLP,iron_condor,expiry,31,0.525052,0.127548,93.9,106.1,-114.1,-114.1
2023,2023-03-21,2023-04-12,XLRE,iron_condor,target,22,0.555808,0.286738,84.04,115.96,34.5,76.04
2023,2023-03-21,2023-04-21,XLU,iron_condor,expiry,31,0.562174,0.242008,80.55,119.45,-8.45,-8.45
2023,2023-03-21,2023-04-21,XLV,iron_condor,expiry,31,0.606457,0.161632,167.15,332.85,-70.85,-70.85
2023,2023-03-22,2023-03-31,XLB,short_put_spread,target,9,0.727887,0.290721,46.12,153.88,23.32,42.12
2023,2023-03-22,2023-04-26,XLY,iron_condor,target,35,0.564311,0.269234,202.83,297.17,95.2,194.83
2023,2023-03-23,2023-03-31,VNQ,short_put_spread,target,8,0.6731,0.308172,62.0,138.0,32.29,58.0
2023,2023-03-23,2023-05-03,XLE,short_call_spread,target,41,0.779242,0.368389,20.62,79.38,6.31,16.62
2023,2023-03-27,2023-04-04,SLV,short_put_spread,target,8,0.690468,0.36645,28.11,71.89,13.4,24.11
2023,2023-04-06,2023-05-03,DIA,short_call_spread,target,27,0.741395,0.160605,118.25,381.75,65.41,114.25
2023,2023-04-06,2023-04-26,SPY,short_call_spread,target,20,0.738895,0.184,122.6,377.4,63.18,118.6
2023,2023-04-24,2023-06-12,AGG,iron_condor,target,49,0.550038,0.115942,86.7,113.3,41.28,78.7
2023,2023-04-24,2023-06-01,EEM,iron_condor,target,38,0.557676,0.200025,83.09,116.91,42.94,75.09
2023,2023-04-24,2023-06-02,EFA,iron_condor,target,39,0.619312,0.158012,143.64,356.36,76.53,135.64
2023,2023-04-24,2023-06-12,GDX,iron_condor,target,49,0.530514,0.46298,92.11,107.89,39.65,84.11
2023,2023-04-24,2023-06-06,KRE,short_put_spread,target,43,0.645497,0.49569,67.3,132.7,39.91,63.3
2023,2023-04-24,2023-06-01,LQD,iron_condor,target,38,0.597701,0.134146,170.69,329.31,78.4,162.69
2023,2023-04-24,2023-06-16,XLC,short_call_spread,expiry,53,0.758843,0.261901,86.71,413.29,-293.29,-293.29
2023,2023-04-24,2023-06-02,XLF,iron_condor,target,39,0.569188,0.189502,41.02,58.98,17.08,33.02
2023,2023-04-24,2023-06-02,XLI,iron_condor,target,39,0.55651,0.23828,210.81,289.19,135.07,202.81
2023,2023-04-24,2023-06-16,XLK,iron_condor,expiry,53,0.547898,0.264142,215.08,284.92,-292.92,-292.92
2023,2023-04-24,2023-06-16,XLP,iron_condor,expiry,53,0.541499,0.108652,88.27,111.73,-52.73,-52.73
2023,2023-04-24,2023-06-01,XLRE,iron_condor,target,38,0.5459,0.315799,87.77,112.23,37.02,79.77
2023,2023-04-24,2023-06-16,XLU,iron_condor,target,53,0.560036,0.221084,82.33,117.67,39.33,39.33
2023,2023-04-24,2023-05-09,XLV,short_call_spread,target,15,0.744358,0.189764,107.22,392.78,51.38,103.22
2023,2023-04-25,2023-06-16,EWZ,short_call_spread,expiry,52,0.76354,0.497876,22.12,77.88,-81.88,-81.88
2023,2023-04-25,2023-05-15,FXI,short_put_spread,target,20,0.626054,0.45671,36.01,63.99,14.11,32.01
2023,2023-04-25,2023-06-02,HYG,iron_condor,target,38,0.552743,0.129674,85.45,114.55,34.74,77.45
2023,2023-04-25,2023-06-16,IEF,iron_condor,expiry,52,0.527121,0.125961,92.86,107.14,-28.14,-28.14
2023,2023-04-25,2023-05-15,SMH,short_put_spread,target,20,0.685923,0.360838,144.37,355.63,83.87,140.37
2023,2023-04-25,2023-05-10,XBI,short_put_spread,target,15,0.660139,0.541909,157.96,342.04,84.96,153.96
2023,2023-04-26,2023-06-01,GLD,iron_condor,target,36,0.512218,0.225454,241.8,258.2,124.5,233.8
2023,2023-04-26,2023-05-18,IWM,short_put_spread,target,22,0.689797,0.285174,143.89,356.11,77.16,139.89
2023,2023-05-17,2023-06-06,TLT,iron_condor,target,20,0.513634,0.2417,96.65,103.35,42.33,88.65
2023,2023-05-22,2023-07-12,SLV,short_put_spread,target,51,0.662062,0.274379,30.68,69.32,22.33,26.68
2023,2023-05-22,2023-06-07,VNQ,short_put_spread,target,16,0.696715,0.22104,56.04,143.96,25.19,52.04
2023,2023-05-22,2023-06-13,XLB,short_put_spread,target,22,0.714289,0.193475,45.72,154.28,27.87,41.72
2023,2023-05-22,2023-06-30,XLE,short_put_spread,target,39,0.656884,0.306243,32.77,67.23,14.47,28.77
2023,2023-05-22,2023-07-21,XLY,short_call_spread,expiry,60,0.770566,0.217233,85.02,414.98,-418.98,-418.98
2023,2023-05-31,2023-07-21,QQQ,short_call_spread,expiry,51,0.744023,0.247159,121.46,378.54,-382.54,-382.54
2023,2023-06-14,2023-06-26,SPY,short_call_spread,target,12,0.7403,0.1388,119.29,380.71,62.59,-102.71
2023,2023-06-20,2023-07-13,AGG,iron_condor,target,23,0.596632,0.068213,67.07,132.93,36.72,58.07
2023,2023-06-20,2023-07-11,EEM,iron_condor,target,21,0.614113,0.208517,64.81,135.19,31.94,56.81
2023,2023-06-20,2023-07-10,EFA,iron_condor,target,20,0.621713,0.211065,142.71,357.29,71.52,134.71
2023,2023-06-20,2023-06-28,EWZ,short_call_spread,target,8,0.706454,0.293573,26.71,73.29,9.83,22.71
2023,2023-06-20,2023-07-11,FXI,iron_condor,target,21,0.556057,0.388338,43.14,56.86,16.08,35.14
2023,2023-06-20,2023-07-11,GLD,iron_condor,target,21,0.557455,0.138257,208.51,291.49,111.74,200.51
2023,2023-06-20,2023-07-11,HYG,iron_condor,target,21,0.643443,0.073609,48.32,151.68,25.73,40.32
2023,2023-06-20,2023-07-13,IEF,iron_condor,target,23,0.605961,0.089929,67.76,132.24,41.87,59.76
2023,2023-06-20,2023-07-21,IWM,iron_condor,expiry,31,0.514121,0.249245,241.34,258.66,87.34,87.34
2023,2023-06-20,2023-07-12,LQD,iron_condor,target,22,0.641453,0.083278,91.79,408.21,51.13,83.79
2023,2023-06-20,2023-07-19,TLT,iron_condor,target,29,0.51018,0.141718,97.74,102.26,79.02,62.74
2023,2023-06-20,2023-07-18,XBI,short_put_spread,target,28,0.719322,0.258881,107.13,392.87,50.14,100.13
2023,2023-06-20,2023-07-21,XLF,iron_condor,expiry,31,0.589788,0.171256,37.51,62.49,-70.49,-70.49
2023,2023-06-20,2023-07-21,XLI,iron_condor,expiry,31,0.568551,0.206238,197.48,302.52,34.48,34.48
2023,2023-06-20,2023-06-26,XLK,short_call_spread,target,6,0.772848,0.256826,82.82,417.18,41.2,78.82
2023,2023-06-20,2023-07-03,XLP,short_put_spread,target,13,0.75861,0.143527,36.82,163.18,22.1,32.82
2023,2023-06-20,2023-07-18,XLRE,iron_condor,target,28,0.577594,0.202126,74.74,125.26,30.72,6.74
2023,2023-06-20,2023-07-05,XLU,short_put_spread,target,15,0.799558,0.158871,19.46,180.54,10.39,15.46
2023,2023-06-20,2023-07-11,XLV,iron_condor,target,21,0.601252,0.144265,168.15,331.85,80.88,36.15
2023,2023-06-22,2023-08-17,KRE,short_call_spread,target,56,0.789178,0.493932,38.23,161.77,25.08,34.23
2023,2023-06-22,2023-07-17,SMH,short_put_spread,target,25,0.654164,0.455919,165.75,334.25,90.84,161.75
2023,2023-06-22,2023-08-11,XLC,iron_condor,target,50,0.610294,0.154786,143.67,356.33,69.34,135.67
2023,2023-06-23,2023-07-12,GDX,short_put_spread,target,19,0.726272,0.323591,44.93,155.07,28.9,-14.07
2023,2023-07-03,2023-08-15,DIA,iron_condor,target,43,0.513251,0.121901,241.36,258.64,207.72,233.36
2023,2023-07-28,2023-08-31,AGG,iron_condor,target,34,0.548477,0.106098,86.77,113.23,35.69,27.77
2023,2023-07-28,2023-09-15,EEM,iron_condor,expiry,49,0.561594,0.275606,83.55,116.45,-11.45,-11.45
2023,2023-07-28,2023-09-14,EFA,iron_condor,target,48,0.590683,0.21045,176.9,323.1,109.74,106.9
2023,2023-07-28,2023-09-13,EWZ,short_put_spread,target,47,0.708934,0.388509,27.23,72.77,14.74,23.23
2023,2023-07-28,2023-09-11,GLD,iron_condor,target,45,0.527784,0.161353,231.6,268.4,130.08,223.6
2023,2023-07-28,2023-08-29,HYG,iron_condor,target,32,0.581722,0.122496,77.05,122.95,36.8,69.05
2023,2023-07-28,2023-09-15,IEF,iron_condor,expiry,49,0.527121,0.13463,92.89,107.11,-6.11,-6.11
2023,2023-07-28,2023-08-31,LQD,iron_condor,target,34,0.599624,0.156002,172.34,327.66,83.49,101.34
2023,2023-07-28,2023-09-11,QQQ,short_put_spread,target,45,0.688607,0.230915,149.3,350.7,71.34,145.3
2023,2023-07-28,2023-08-04,SPY,short_call_spread,target,7,0.73643,0.1333,122.51,377.49,65.71,118.51
2023,2023-07-28,2023-09-14,VNQ,iron_condor,target,48,0.51829,0.201685,95.25,104.75,58.94,68.25
2023,2023-07-28,2023-09-15,XBI,short_put_spread,expiry,49,0.704859,0.310001,124.71,375.29,-168.29,-168.29
2023,2023-07-28,2023-09-01,XLB,iron_condor,target,35,0.568703,0.22651,80.85,119.15,37.32,58.35
2023,2023-07-28,2023-09-15,XLE,short_call_spread,target,49,0.753133,0.298141,22.95,77.05,18.45,18.45
2023,2023-07-28,2023-08-14,XLF,short_call_spread,target,17,0.792852,0.170655,17.01,82.99,4.81,13.01
2023,2023-07-28,2023-09-01,XLI,iron_condor,target,35,0.580737,0.147857,186.01,313.99,90.16,-121.99
2023,2023-07-28,2023-09-05,XLK,short_put_spread,target,39,0.716716,0.232702,112.58,387.42,65.55,-46.42
2023,2023-07-28,2023-09-15,XLP,iron_condor,expiry,49,0.521629,0.145934,94.3,105.7,-113.7,-113.7
2023,2023-07-28,2023-09-14,XLRE,iron_condor,target,48,0.576484,0.198844,77.04,122.96,50.17,48.04
2023,2023-07-28,2023-09-13,XLU,iron_condor,target,47,0.609482,0.250184,68.63,131.37,43.57,60.63
2023,2023-07-28,2023-08-29,XLV,iron_condor,target,32,0.551937,0.189092,214.37,285.63,109.37,206.37
2023,2023-07-28,2023-08-31,XLY,iron_condor,target,34,0.54836,0.275347,216.22,283.78,109.51,208.22
2023,2023-08-02,2023-09-14,FXI,short_put_spread,target,43,0.621862,0.575616,36.69,63.31,14.76,32.69
2023,2023-08-07,2023-08-15,IWM,short_call_spread,target,8,0.744505,0.222219,113.55,386.45,64.2,109.55
2023,2023-08-07,2023-09-12,TLT,short_put_spread,target,36,0.683835,0.285264,59.72,140.28,36.71,55.72
2023,2023-08-29,2023-10-20,SLV,short_put_spread,expiry,52,0.681836,0.255983,28.18,71.82,-35.82,-35.82
2023,2023-08-29,2023-10-20,SMH,short_put_spread,expiry,52,0.677014,0.342588,151.51,348.49,-342.49,-342.49
2023,2023-08-29,2023-10-06,XLC,iron_condor,target,38,0.585883,0.201503,177.12,322.88,99.6,169.12
2023,2023-08-30,2023-10-20,DIA,iron_condor,expiry,51,0.516852,0.112468,238.94,261.06,-269.06,-269.06
2023,2023-08-30,2023-09-05,GDX,short_call_spread,target,6,0.746983,0.240471,38.7,161.3,16.36,34.7
2023,2023-09-07,2023-10-17,KRE,short_put_spread,target,40,0.716569,0.297041,48.67,151.33,38.38,-145.33
2023,2023-09-18,2023-10-20,AGG,iron_condor,expiry,32,0.597361,0.070144,66.89,133.11,-141.11,-141.11
2023,2023-09-18,2023-10-11,EEM,iron_condor,target,23,0.629169,0.148261,54.29,145.71,27.69,-74.71
2023,2023-09-18,2023-10-20,EFA,iron_condor,expiry,32,0.630455,0.133988,104.7,395.3,-246.3,-246.3
2023,2023-09-18,2023-10-10,FXI,iron_condor,target,22,0.537598,0.246738,45.05,54.95,18.21,-59.95
2023,2023-09-18,2023-09-25,GLD,short_call_spread,target,7,0.73993,0.083166,83.84,416.16,47.38,-79.16
2023,2023-09-18,2023-10-20,HYG,iron_condor,expiry,32,0.660395,0.066854,41.83,158.17,-166.17,-166.17
2023,2023-09-18,2023-10-20,IEF,iron_condor,expiry,32,0.640992,0.081156,56.05,143.95,-151.95,-151.95
2023,2023-09-18,2023-10-20,IWM,short_put_spread,expiry,32,0.738916,0.172059,107.06,392.94,-396.94,-396.94
2023,2023-09-18,2023-10-20,LQD,iron_condor,expiry,32,0.664885,0.095775,87.0,413.0,-354.0,-354.0
2023,2023-09-18,2023-10-20,XBI,iron_condor,expiry,32,0.62219,0.195621,141.42,358.58,-366.58,-366.58
2023,2023-09-18,2023-10-20,XLB,iron_condor,expiry,32,0.611286,0.150494,60.79,139.21,-147.21,-147.21
2023,2023-09-18,2023-10-17,XLE,iron_condor,target,29,0.556834,0.181264,42.76,57.24,25.89,34.76
2023,2023-09-18,2023-10-20,XLF,iron_condor,expiry,32,0.708405,0.109404,20.05,79.95,-87.95,-87.95
2023,2023-09-18,2023-10-20,XLP,iron_condor,expiry,32,0.545396,0.116681,86.74,113.26,-121.26,-121.26
2023,2023-09-18,2023-09-21,XLU,short_call_spread,target,3,0.757783,0.146893,26.39,173.61,9.21,22.39
2023,2023-09-18,2023-10-10,XLV,iron_condor,target,22,0.600089,0.108679,157.59,342.41,90.56,-44.41
2023,2023-09-18,2023-10-20,XLY,iron_condor,expiry,32,0.602441,0.21956,167.04,332.96,-340.96,-340.96
2023,2023-09-19,2023-10-11,XLI,iron_condor,target,22,0.600287,0.137879,156.93,343.07,83.25,-281.07
2023,2023-09-19,2023-10-20,XLRE,iron_condor,expiry,31,0.631314,0.162333,53.3,146.7,-154.7,-154.7
2023,2023-09-20,2023-09-21,VNQ,short_call_spread,target,1,0.737525,0.158668,46.14,153.86,22.5,42.14
2023,2023-09-20,2023-10-31,XLK,iron_condor,target,41,0.557989,0.236375,207.94,292.06,110.21,-140.06
2023,2023-09-21,2023-10-03,EWZ,short_call_spread,target,12,0.757279,0.34702,22.39,77.61,10.39,18.39
2023,2023-09-25,2023-11-08,TLT,short_put_spread,target,44,0.692763,0.233624,57.31,142.69,37.46,53.31
2023,2023-09-27,2023-10-10,QQQ,short_put_spread,target,13,0.68567,0.226275,150.34,349.66,79.28,146.34
2023,2023-09-27,2023-10-16,SPY,short_put_spread,target,19,0.698555,0.1822,143.48,356.52,72.91,139.48
2023,2023-10-31,2023-12-15,AGG,iron_condor,expiry,45,0.562554,0.111248,82.73,117.27,-125.27,-125.27
2023,2023-10-31,2023-12-15,EEM,iron_condor,expiry,45,0.548202,0.189516,85.46,114.54,-120.54,-120.54
2023,2023-10-31,2023-12-15,EFA,iron_condor,expiry,45,0.633355,0.177241,129.64,370.36,-312.36,-312.36
2023,2023-10-31,2023-12-04,GLD,iron_condor,target,34,0.517144,0.194326,238.93,261.07,132.71,230.93
2023,2023-10-31,2023-12-15,HYG,iron_condor,expiry,45,0.598692,0.07717,66.12,133.88,-141.88,-141.88
2023,2023-10-31,2023-12-15,IEF,iron_condor,expiry,45,0.516617,0.133589,95.77,104.23,-112.23,-112.23
2023,2023-10-31,2023-12-15,LQD,iron_condor,expiry,45,0.596488,0.143151,167.66,332.34,-340.34,-340.34
2023,2023-10-31,2023-12-08,SLV,iron_condor,target,38,0.511068,0.291781,48.65,51.35,30.83,40.65
2023,2023-10-31,2023-11-03,XBI,short_put_spread,target,3,0.715801,0.400375,117.54,382.46,65.04,113.54
2023,2023-10-31,2023-12-15,XLB,iron_condor,expiry,45,0.544066,0.234613,87.52,112.48,-120.48,-120.48
2023,2023-10-31,2023-12-15,XLC,iron_condor,expiry,45,0.551417,0.322353,212.49,287.51,2.49,2.49
2023,2023-10-31,2023-11-16,XLE,short_call_spread,target,16,0.773122,0.313987,20.95,79.05,7.25,16.95
2023,2023-10-31,2023-12-15,XLF,iron_condor,expiry,45,0.574306,0.209706,40.41,59.59,-67.59,-67.59
2023,2023-10-31,2023-12-15,XLI,iron_condor,expiry,45,0.568348,0.219765,200.36,299.64,-307.64,-307.64
2023,2023-10-31,2023-12-15,XLRE,short_call_spread,expiry,45,0.742995,0.298589,42.4,157.6,-161.6,-161.6
2023,2023-10-31,2023-12-15,XLU,short_call_spread,target,45,0.811365,0.247442,26.19,173.81,22.19,22.19
2023,2023-10-31,2023-12-15,XLV,iron_condor,expiry,45,0.567085,0.158968,199.98,300.02,-308.02,-308.02
2023,2023-10-31,2023-12-15,XLY,iron_condor,expiry,45,0.564471,0.285425,203.16,296.84,-304.84,-304.84
2023,2023-11-01,2023-11-29,FXI,iron_condor,target,28,0.548157,0.291504,43.83,56.17,14.09,35.83
2023,2023-11-01,2023-12-08,GDX,iron_condor,target,37,0.53549,0.330786,90.15,109.85,43.42,-12.85
2023,2023-11-01,2023-11-03,KRE,short_put_spread,target,2,0.690668,0.343194,54.9,145.1,34.34,50.9
2023,2023-11-01,2023-12-15,SMH,iron_condor,expiry,44,0.511974,0.29998,242.17,257.83,-265.83,-265.83
2023,2023-11-01,2023-12-15,XLP,iron_condor,expiry,44,0.533118,0.169603,91.19,108.81,-40.81,-40.81
2023,2023-11-27,2024-01-19,DIA,iron_condor,expiry,53,0.516494,0.1092,239.1,260.9,-268.9,-268.9
2023,2023-11-27,2024-01-02,XLK,iron_condor,target,36,0.590905,0.162804,176.58,323.42,99.91,-239.92
2023,2023-11-28,2024-01-16,TLT,iron_condor,target,49,0.510407,0.226242,97.13,102.87,76.75,89.13
2023,2023-11-29,2023-12-11,IWM,short_put_spread,target,12,0.681161,0.304056,149.57,350.43,72.24,145.57
2023,2023-11-30,2024-01-04,EWZ,short_call_spread,target,35,0.76932,0.221239,20.14,79.86,9.44,16.14
2023,2023-12-01,2024-01-16,VNQ,short_call_spread,target,46,0.748459,0.32145,47.02,152.98,34.66,43.02
2023,2023-12-18,2024-01-08,AGG,iron_condor,target,21,0.583065,0.116226,76.89,123.11,38.33,68.89
2023,2023-12-18,2024-01-08,EEM,iron_condor,target,21,0.582168,0.180249,72.98,127.02,32.53,3.98
2023,2023-12-18,2024-01-04,EFA,iron_condor,target,17,0.642791,0.150584,108.44,391.56,46.7,100.44
2023,2023-12-18,2024-01-08,HYG,iron_condor,target,21,0.631494,0.100736,59.11,140.89,32.08,51.11
2023,2023-12-18,2024-01-08,IEF,iron_condor,target,21,0.542639,0.136657,88.67,111.33,40.01,80.67
2023,2023-12-18,2024-01-17,KRE,short_put_spread,target,30,0.680959,0.581361,60.2,139.8,27.58,56.2
2023,2023-12-18,2024-01-10,SLV,iron_condor,target,23,0.547726,0.499504,44.16,55.84,14.65,36.16
2023,2023-12-18,2024-01-11,SMH,short_put_spread,target,24,0.695351,0.29886,139.24,360.76,76.49,135.24
2023,2023-12-18,2024-01-05,XLB,iron_condor,target,18,0.617002,0.195117,64.02,135.98,25.98,56.02
2023,2023-12-18,2024-01-08,XLC,iron_condor,target,21,0.594617,0.205208,163.74,336.26,73.92,72.74
2023,2023-12-18,2024-01-08,XLI,iron_condor,target,21,0.602175,0.165055,167.12,332.88,95.73,159.12
2023,2023-12-18,2024-01-09,XLP,iron_condor,target,22,0.526306,0.191326,93.25,106.75,39.34,85.25
2023,2023-12-18,2024-01-04,XLRE,short_call_spread,target,17,0.781665,0.308621,34.93,165.07,14.25,30.93
2023,2023-12-18,2024-01-02,XLU,short_put_spread,target,15,0.761629,0.301634,34.59,165.41,17.31,30.59
2023,2023-12-18,2024-01-19,XLV,iron_condor,expiry,32,0.58264,0.166331,187.5,312.5,33.5,33.5
2023,2023-12-18,2024-01-19,XLY,iron_condor,expiry,32,0.599164,0.132095,147.77,352.23,-15.73,-15.73
2023,2023-12-19,2023-12-20,FXI,short_call_spread,target,1,0.809744,0.306157,15.43,84.57,6.52,11.43
2023,2023-12-19,2024-01-19,GDX,short_put_spread,expiry,31,0.699193,0.599181,53.83,146.17,-81.17,-81.17
2023,2023-12-19,2024-01-09,GLD,iron_condor,target,21,0.517291,0.279193,239.32,260.68,115.55,231.32
2023,2023-12-19,2024-01-03,LQD,short_call_spread,target,15,0.754963,0.156347,82.37,417.63,41.16,78.37
2023,2023-12-19,2024-01-16,XBI,short_call_spread,target,28,0.775782,0.44445,94.88,405.12,75.72,90.88
2023,2023-12-20,2024-01-30,XLE,short_put_spread,target,41,0.724176,0.257201,25.49,74.51,12.06,21.49
2023,2023-12-21,2024-02-13,XLF,iron_condor,target,54,0.550259,0.172857,43.47,56.53,22.37,-27.53
2024,2024-01-02,2024-01-18,QQQ,short_put_spread,target,16,0.704066,0.176553,139.65,360.35,79.5,135.65
2024,2024-01-19,2024-03-15,SPY,short_call_spread,expiry,56,0.739448,0.133,121.87,378.13,-382.13,-382.13
2024,2024-01-22,2024-02-29,AGG,iron_condor,target,38,0.58299,0.073585,75.11,124.89,30.89,67.11
2024,2024-01-22,2024-03-15,EEM,iron_condor,expiry,53,0.534528,0.223867,90.36,109.64,5.36,5.36
2024,2024-01-22,2024-03-15,EFA,iron_condor,expiry,53,0.59869,0.174359,165.02,334.98,-31.98,-31.98
2024,2024-01-22,2024-02-06,FXI,short_put_spread,target,15,0.653849,0.426897,32.46,67.54,16.9,28.46
2024,2024-01-22,2024-03-01,GDX,iron_condor,target,39,0.531159,0.3769,91.51,108.49,48.58,83.51
2024,2024-01-22,2024-02-26,GLD,iron_condor,target,35,0.5417,0.134689,221.53,278.47,114.01,-286.47
2024,2024-01-22,2024-02-27,HYG,iron_condor,target,36,0.573804,0.073468,75.74,124.26,30.32,67.74
2024,2024-01-22,2024-03-01,IEF,iron_condor,target,39,0.553034,0.084519,84.72,115.28,37.19,41.72
2024,2024-01-22,2024-03-15,KRE,short_put_spread,expiry,53,0.670903,0.315206,60.88,139.12,-143.12,-143.12
2024,2024-01-22,2024-03-05,LQD,iron_condor,target,43,0.595967,0.103325,161.36,338.64,97.01,134.36
2024,2024-01-22,2024-03-15,SLV,iron_condor,expiry,53,0.561857,0.236444,41.47,58.53,-66.53,-66.53
2024,2024-01-22,2024-02-01,TLT,short_put_spread,target,10,0.701207,0.187137,54.85,145.15,28.99,50.85
2024,2024-01-22,2024-03-11,XBI,iron_condor,target,49,0.524185,0.415897,234.13,265.87,151.13,226.13
2024,2024-01-22,2024-03-15,XLB,iron_condor,expiry,53,0.662983,0.130897,48.6,151.4,-159.4,-159.4
2024,2024-01-22,2024-03-15,XLC,iron_condor,expiry,53,0.627817,0.150179,135.36,364.64,-1.64,-1.64
2024,2024-01-22,2024-03-15,XLI,iron_condor,expiry,53,0.569501,0.158733,197.61,302.39,-214.39,-214.39
2024,2024-01-22,2024-02-26,XLK,iron_condor,target,35,0.538547,0.251622,223.64,276.36,111.46,215.64
2024,2024-01-22,2024-02-20,XLU,iron_condor,target,29,0.641344,0.193052,55.64,144.36,22.64,47.64
2024,2024-01-22,2024-03-15,XLV,iron_condor,expiry,53,0.568836,0.117404,196.54,303.46,52.54,52.54
2024,2024-01-22,2024-03-05,XLY,iron_condor,target,43,0.57819,0.202064,190.51,309.49,98.73,182.51
2024,2024-01-23,2024-03-05,DIA,iron_condor,target,42,0.527545,0.094906,232.12,267.88,112.69,224.12
2024,2024-01-23,2024-02-29,VNQ,short_put_spread,target,37,0.719901,0.219262,51.07,148.93,25.2,47.07
2024,2024-01-23,2024-03-15,XLP,iron_condor,expiry,52,0.61012,0.11333,68.58,131.42,7.58,7.58
2024,2024-01-24,2024-02-21,XLRE,short_put_spread,target,28,0.701302,0.231202,49.41,150.59,20.9,45.41
2024,2024-01-25,2024-02-12,IWM,short_put_spread,target,18,0.699034,0.258304,139.34,360.66,75.86,135.34
2024,2024-02-02,2024-03-05,EWZ,short_call_spread,target,32,0.727862,0.219246,23.99,76.01,10.37,19.99
2024,2024-02-14,2024-02-21,SMH,short_call_spread,target,7,0.755994,0.310773,110.99,389.01,58.93,-177.01
2024,2024-02-29,2024-04-10,XLF,short_call_spread,target,41,0.812585,0.119376,14.25,85.75,7.35,10.25
2024,2024-03-01,2024-04-19,XLE,iron_condor,expiry,49,0.513555,0.178094,48.22,51.78,-59.78,-59.78
2024,2024-03-19,2024-04-19,AGG,iron_condor,expiry,31,0.579773,0.051591,68.28,131.72,-101.72,-101.72
2024,2024-03-19,2024-04-19,DIA,iron_condor,expiry,31,0.53307,0.093538,228.65,271.35,-279.35,-279.35
2024,2024-03-19,2024-04-04,EEM,iron_condor,target,16,0.637411,0.136941,50.35,149.65,17.52,13.35
2024,2024-03-19,2024-04-03,EFA,iron_condor,target,15,0.643174,0.111604,89.11,410.89,37.07,-106.89
2024,2024-03-19,2024-04-08,EWZ,short_put_spread,target,20,0.755433,0.209433,19.89,80.11,11.65,-10.11
2024,2024-03-19,2024-04-12,FXI,short_call_spread,target,24,0.716778,0.334756,25.1,74.9,13.26,21.1
2024,2024-03-19,2024-04-19,GDX,iron_condor,expiry,31,0.544614,0.36768,87.5,112.5,-120.5,-120.5
2024,2024-03-19,2024-03-27,GLD,short_put_spread,target,8,0.724499,0.128759,109.38,390.62,62.47,105.38
2024,2024-03-19,2024-04-08,HYG,iron_condor,target,20,0.624477,0.042853,40.59,159.41,12.66,-69.41
2024,2024-03-19,2024-04-04,IEF,iron_condor,target,16,0.632819,0.061619,52.63,147.37,19.2,-81.37
2024,2024-03-19,2024-04-04,LQD,iron_condor,target,16,0.644074,0.055088,62.54,437.46,24.78,-144.46
2024,2024-03-19,2024-04-01,SMH,short_put_spread,target,13,0.671652,0.478442,157.88,342.12,83.66,-346.12
2024,2024-03-19,2024-04-09,TLT,iron_condor,target,21,0.554152,0.13796,85.39,114.61,39.17,-107.61
2024,2024-03-19,2024-04-10,XLB,iron_condor,target,22,0.578251,0.111766,69.06,130.94,30.15,9.06
2024,2024-03-19,2024-04-10,XLC,iron_condor,target,22,0.602666,0.177532,154.55,345.45,86.06,146.55
2024,2024-03-19,2024-04-12,XLI,short_call_spread,target,24,0.754985,0.093523,64.42,435.58,52.28,60.42
2024,2024-03-19,2024-04-08,XLK,iron_condor,target,20,0.565822,0.25463,202.91,297.09,104.31,-178.59
2024,2024-03-19,2024-04-19,XLP,iron_condor,expiry,31,0.62434,0.079496,55.97,144.03,-8.03,-8.03
2024,2024-03-19,2024-04-08,XLRE,iron_condor,target,20,0.621038,0.156947,57.14,142.86,28.43,-150.86
2024,2024-03-19,2024-04-10,XLU,iron_condor,target,22,0.633726,0.180706,52.14,147.86,26.55,44.14
2024,2024-03-19,2024-04-19,XLV,iron_condor,expiry,31,0.609457,0.110316,154.85,345.15,-353.15,-353.15
2024,2024-03-19,2024-04-08,XLY,iron_condor,target,20,0.605274,0.154723,151.0,349.0,82.79,-269.0
2024,2024-03-21,2024-03-26,VNQ,short_call_spread,target,5,0.739406,0.166069,46.38,153.62,21.94,42.38
2024,2024-03-25,2024-05-01,KRE,iron_condor,target,37,0.510847,0.340244,97.0,103.0,43.32,89.0
2024,2024-03-26,2024-05-17,SLV,short_call_spread,expiry,52,0.749222,0.326329,22.22,77.78,-81.78,-81.78
2024,2024-03-26,2024-05-06,XBI,iron_condor,target,41,0.528281,0.324823,231.17,268.83,132.73,223.17
2024,2024-03-27,2024-04-04,SPY,short_call_spread,target,8,0.731838,0.1278,125.77,374.23,62.92,121.77
2024,2024-04-05,2024-05-07,QQQ,short_put_spread,target,32,0.697248,0.208626,144.75,355.25,69.57,140.75
2024,2024-04-11,2024-05-06,IWM,short_put_spread,target,25,0.690956,0.281752,143.43,356.57,84.24,139.43
2024,2024-04-23,2024-06-03,AGG,iron_condor,target,41,0.525767,0.087258,92.98,107.02,41.79,84.98
2024,2024-04-23,2024-06-21,EEM,iron_condor,expiry,59,0.590684,0.165324,72.52,127.48,-2.48,-2.48
2024,2024-04-23,2024-06-11,EFA,iron_condor,target,49,0.612364,0.146975,150.69,349.31,122.91,142.69
2024,2024-04-23,2024-06-04,GDX,iron_condor,target,42,0.525405,0.398006,93.21,106.79,49.22,85.21
2024,2024-04-23,2024-05-15,HYG,short_put_spread,target,22,0.738352,0.079019,38.04,161.96,16.87,34.04
2024,2024-04-23,2024-05-31,IEF,iron_condor,target,38,0.539323,0.103745,89.2,110.8,39.6,81.2
2024,2024-04-23,2024-05-28,LQD,iron_condor,target,35,0.599853,0.114395,163.28,336.72,81.91,155.28
2024,2024-04-23,2024-06-07,TLT,iron_condor,target,45,0.518569,0.193993,95.09,104.91,47.79,87.09
2024,2024-04-23,2024-05-29,XLB,iron_condor,target,36,0.587534,0.152404,73.43,126.57,29.44,65.43
2024,2024-04-23,2024-05-15,XLC,short_put_spread,target,22,0.717707,0.170194,101.15,398.85,54.63,97.15
2024,2024-04-23,2024-04-30,XLE,short_call_spread,target,7,0.726584,0.166361,24.84,75.16,8.63,20.84
2024,2024-04-23,2024-06-03,XLF,iron_condor,target,41,0.511492,0.171549,48.41,51.59,19.14,40.41
2024,2024-04-23,2024-05-06,XLK,short_put_spread,target,13,0.708917,0.234188,122.08,377.92,63.64,118.08
2024,2024-04-23,2024-05-30,XLP,iron_condor,target,37,0.551405,0.12332,85.77,114.23,35.66,77.77
2024,2024-04-23,2024-06-07,XLRE,iron_condor,target,45,0.513305,0.285898,96.43,103.57,45.76,88.43
2024,2024-04-23,2024-06-17,XLU,iron_condor,target,55,0.558812,0.224313,82.68,117.32,58.3,74.68
2024,2024-04-23,2024-05-31,XLV,iron_condor,target,38,0.54251,0.16808,220.7,279.3,105.67,212.7
2024,2024-04-23,2024-04-29,XLY,short_put_spread,target,6,0.714918,0.189631,109.04,390.96,63.26,105.04
2024,2024-04-24,2024-06-11,FXI,iron_condor,target,48,0.541095,0.258715,44.64,55.36,16.81,36.64
2024,2024-04-24,2024-05-30,XLI,iron_condor,target,36,0.556936,0.161955,208.86,291.14,98.38,200.86
2024,2024-04-25,2024-06-21,EWZ,iron_condor,expiry,57,0.53265,0.276627,45.86,54.14,-62.14,-62.14
2024,2024-04-25,2024-06-21,SMH,short_call_spread,expiry,57,0.761102,0.404163,113.31,386.69,-390.69,-390.69
2024,2024-05-01,2024-06-21,DIA,short_call_spread,target,51,0.736608,0.127111,120.28,379.72,82.28,82.28
2024,2024-05-13,2024-05-17,GLD,short_put_spread,target,4,0.715188,0.178489,125.79,374.21,73.74,121.79
2024,2024-05-20,2024-06-21,IWM,iron_condor,expiry,32,0.534413,0.171797,227.68,272.32,-145.32,-145.32
2024,2024-05-20,2024-06-21,KRE,short_put_spread,expiry,32,0.755849,0.187728,36.11,163.89,-166.89,-166.89
2024,2024-05-20,2024-06-05,QQQ,short_put_spread,target,16,0.701452,0.16159,140.15,359.85,90.73,136.15
2024,2024-05-20,2024-06-21,SLV,short_put_spread,expiry,32,0.657693,0.362731,31.97,68.03,-72.03,-72.03
2024,2024-05-20,2024-06-13,VNQ,iron_condor,target,24,0.54134,0.154379,89.01,110.99,45.89,81.01
2024,2024-05-20,2024-06-05,XBI,short_put_spread,target,16,0.733757,0.260292,101.67,398.33,63.55,97.67
2024,2024-06-24,2024-07-30,AGG,iron_condor,target,36,0.510579,0.095392,97.59,102.41,41.72,77.59
2024,2024-06-24,2024-07-29,EEM,iron_condor,target,35,0.559807,0.224227,83.4,116.6,36.63,75.4
2024,2024-06-24,2024-07-26,EFA,iron_condor,target,32,0.572046,0.269761,198.28,301.72,95.61,190.28
2024,2024-06-24,2024-07-23,EWZ,short_call_spread,target,29,0.789584,0.365605,19.0,81.0,5.84,15.0
2024,2024-06-24,2024-07-25,HYG,iron_condor,target,31,0.591063,0.068347,68.98,131.02,27.36,60.98
2024,2024-06-24,2024-07-23,LQD,iron_condor,target,29,0.607722,0.114634,156.27,343.73,71.62,129.27
2024,2024-06-24,2024-07-24,QQQ,short_call_spread,target,30,0.737891,0.212002,125.44,374.56,85.63,121.44
2024,2024-06-24,2024-08-12,SLV,short_put_spread,target,49,0.635181,0.745294,35.47,64.53,15.54,31.47
2024,2024-06-24,2024-08-16,VNQ,iron_condor,expiry,53,0.527118,0.188996,93.02,106.98,-114.98,-114.98
2024,2024-06-24,2024-07-29,XLC,iron_condor,target,35,0.593761,0.15529,169.88,330.12,92.0,161.88
2024,2024-06-24,2024-08-02,XLF,iron_condor,target,39,0.515254,0.178425,47.98,52.02,18.42,-37.02
2024,2024-06-24,2024-07-16,XLI,short_put_spread,target,22,0.715974,0.212841,120.24,379.76,85.22,116.24
2024,2024-06-24,2024-07-29,XLP,iron_condor,target,35,0.532446,0.157067,91.42,108.58,41.1,83.42
2024,2024-06-24,2024-08-16,XLRE,iron_condor,expiry,53,0.582384,0.189618,75.25,124.75,-118.75,-118.75
2024,2024-06-24,2024-07-31,XLV,iron_condor,target,37,0.55583,0.1414,209.94,290.06,104.34,114.94
2024,2024-06-24,2024-07-24,XLY,iron_condor,target,30,0.609211,0.171731,163.98,336.02,78.05,155.98
2024,2024-06-25,2024-08-12,FXI,short_put_spread,target,48,0.734289,0.287298,23.39,76.61,11.62,19.39
2024,2024-06-25,2024-08-08,IEF,iron_condor,target,44,0.514487,0.118497,96.26,103.74,51.29,81.26
2024,2024-06-25,2024-08-16,KRE,iron_condor,expiry,52,0.520133,0.350981,94.74,105.26,-113.26,-113.26
2024,2024-06-25,2024-08-05,XLB,short_call_spread,target,41,0.732204,0.184685,43.26,156.74,33.39,39.26
2024,2024-06-25,2024-07-10,XLK,short_put_spread,target,15,0.703642,0.332353,132.94,367.06,70.8,128.94
2024,2024-06-26,2024-08-05,XBI,short_call_spread,target,40,0.765204,0.394827,103.09,396.91,64.3,99.09
2024,2024-06-27,2024-07-01,TLT,short_call_spread,target,4,0.746014,0.246329,46.98,153.02,20.06,42.98
2024,2024-06-27,2024-08-16,XLU,iron_condor,expiry,50,0.565282,0.231663,80.84,119.16,-49.16,-49.16
2024,2024-07-01,2024-07-11,GDX,short_put_spread,target,10,0.634715,0.702238,69.73,130.27,33.51,65.73
2024,2024-07-02,2024-08-02,DIA,iron_condor,target,31,0.512635,0.102816,241.8,258.2,116.67,-140.2
2024,2024-07-03,2024-08-08,XLE,iron_condor,target,36,0.517539,0.221031,47.77,52.23,16.88,39.77
2024,2024-07-22,2024-09-19,SMH,short_put_spread,target,59,0.62668,0.59349,183.2,316.8,115.0,179.2
2024,2024-09-03,2024-10-02,AGG,iron_condor,target,29,0.575167,0.061837,75.42,124.58,34.15,19.42
2024,2024-09-03,2024-10-18,EEM,iron_condor,expiry,45,0.597434,0.214769,72.36,127.64,-27.64,-27.64
2024,2024-09-03,2024-10-02,EWZ,iron_condor,target,29,0.524378,0.324788,46.92,53.08,16.45,38.92
2024,2024-09-03,2024-10-18,FXI,iron_condor,expiry,45,0.52632,0.291588,46.6,53.4,-61.4,-61.4
2024,2024-09-03,2024-10-07,GDX,iron_condor,target,34,0.542948,0.389701,88.91,111.09,47.84,-119.09
2024,2024-09-03,2024-10-07,HYG,iron_condor,target,34,0.629587,0.06183,53.71,146.29,32.66,45.71
2024,2024-09-03,2024-10-02,IEF,iron_condor,target,29,0.581255,0.080791,75.81,124.19,32.6,61.81
2024,2024-09-03,2024-09-19,KRE,short_put_spread,target,16,0.714772,0.320474,51.59,148.41,22.53,47.59
2024,2024-09-03,2024-10-18,SLV,short_call_spread,expiry,45,0.777994,0.376865,19.87,80.13,-84.13,-84.13
2024,2024-09-03,2024-10-16,TLT,iron_condor,target,43,0.525515,0.179121,93.53,106.47,51.53,-27.47
2024,2024-09-03,2024-10-03,VNQ,iron_condor,target,30,0.527494,0.161604,92.94,107.06,42.6,84.94
2024,2024-09-03,2024-10-02,XBI,iron_condor,target,29,0.550959,0.30608,216.02,283.98,104.23,208.02
2024,2024-09-03,2024-10-07,XLB,iron_condor,target,34,0.534733,0.201243,90.44,109.56,39.14,0.94
2024,2024-09-03,2024-10-18,XLC,iron_condor,expiry,45,0.592627,0.190262,175.58,324.42,-55.42,-55.42
2024,2024-09-03,2024-10-18,XLI,iron_condor,expiry,45,0.547683,0.19511,217.02,282.98,-290.98,-290.98
2024,2024-09-03,2024-10-18,XLK,short_call_spread,target,45,0.764937,0.41241,104.72,395.28,55.22,55.22
2024,2024-09-03,2024-10-02,XLRE,iron_condor,target,29,0.552989,0.156132,83.73,116.27,34.25,75.73
2024,2024-09-03,2024-10-18,XLU,iron_condor,expiry,45,0.603916,0.087221,51.9,148.1,-153.6,-153.6
2024,2024-09-03,2024-10-14,XLV,iron_condor,target,41,0.580885,0.131614,190.47,309.53,132.11,95.47
2024,2024-09-03,2024-09-13,XLY,short_put_spread,target,10,0.719153,0.296272,117.25,382.75,62.06,113.25
2024,2024-09-04,2024-10-01,EFA,iron_condor,target,27,0.607812,0.189158,161.26,338.74,76.44,153.26
2024,2024-09-04,2024-09-30,LQD,iron_condor,target,26,0.622685,0.076669,114.62,385.38,51.3,81.62
2024,2024-09-04,2024-10-04,XLF,iron_condor,target,30,0.524172,0.127051,46.83,53.17,17.3,-23.17
2024,2024-09-04,2024-09-30,XLP,iron_condor,target,26,0.579471,0.096141,76.41,123.59,30.75,68.41
2024,2024-09-05,2024-10-18,GLD,iron_condor,expiry,43,0.52181,0.181753,236.09,263.91,-271.91,-271.91
2024,2024-09-05,2024-10-18,IWM,short_call_spread,target,43,0.748781,0.304903,116.54,383.46,112.54,112.54
2024,2024-09-05,2024-10-18,QQQ,short_call_spread,expiry,43,0.743584,0.29302,123.61,376.39,-227.39,-227.39
2024,2024-09-06,2024-09-19,XLE,short_put_spread,target,13,0.717066,0.278697,26.16,73.84,10.49,22.16
2024,2024-09-27,2024-10-29,SMH,short_put_spread,target,32,0.63989,0.546413,176.09,323.91,95.79,172.09
2024,2024-10-21,2024-11-29,AGG,iron_condor,target,39,0.531718,0.098139,91.33,108.67,37.88,-20.67
2024,2024-10-21,2024-12-02,EFA,iron_condor,target,42,0.567951,0.26869,202.18,297.82,100.31,4.18
2024,2024-10-21,2024-12-20,EWZ,short_put_spread,expiry,60,0.704324,0.38997,27.54,72.46,-76.46,-76.46
2024,2024-10-21,2024-11-01,GDX,short_call_spread,target,11,0.782545,0.540744,40.21,159.79,17.45,36.21
2024,2024-10-21,2024-11-29,HYG,iron_condor,target,39,0.549104,0.075648,84.96,115.04,35.85,34.96
2024,2024-10-21,2024-11-29,IEF,iron_condor,target,39,0.531136,0.121683,91.69,108.31,40.02,44.69
2024,2024-10-21,2024-11-25,LQD,iron_condor,target,35,0.611523,0.132516,161.9,338.1,81.86,151.9
2024,2024-10-21,2024-11-06,SLV,short_call_spread,target,16,0.785543,0.68308,20.5,79.5,6.26,16.5
2024,2024-10-21,2024-11-29,XBI,iron_condor,target,39,0.514423,0.33091,240.06,259.94,113.48,60.06
2024,2024-10-21,2024-12-20,XLC,iron_condor,expiry,60,0.573632,0.200251,195.51,304.49,-8.49,-8.49
2024,2024-10-21,2024-12-03,XLI,iron_condor,target,43,0.528191,0.2035,231.05,268.95,118.89,205.05
2024,2024-10-21,2024-11-25,XLRE,short_put_spread,target,35,0.688177,0.280837,55.73,144.27,26.8,-69.27
2024,2024-10-21,2024-12-20,XLV,iron_condor,expiry,60,0.512456,0.218303,241.39,258.61,-266.61,-266.61
2024,2024-10-21,2024-12-20,XLY,iron_condor,expiry,60,0.535514,0.244652,225.6,274.4,-282.4,-282.4
2024,2024-10-24,2024-11-11,GLD,short_call_spread,target,18,0.748457,0.228924,116.72,383.28,76.56,112.72
2024,2024-10-24,2024-11-12,XLB,short_call_spread,target,19,0.782567,0.192728,34.54,165.46,17.67,30.54
2024,2024-10-24,2024-12-06,XLE,short_call_spread,target,43,0.764224,0.42045,22.45,77.55,8.49,18.45
2024,2024-10-24,2024-12-02,XLP,iron_condor,target,39,0.551186,0.176838,86.98,113.02,42.07,78.98
2024,2024-11-04,2024-12-09,EEM,iron_condor,target,35,0.533894,0.287479,91.08,108.92,53.39,10.08
2024,2024-11-04,2024-12-18,KRE,short_call_spread,target,44,0.765714,0.502481,43.81,156.19,38.14,39.81
2024,2024-11-05,2024-12-09,FXI,short_put_spread,target,34,0.649274,0.588909,33.94,66.06,17.26,29.94
2024,2024-11-05,2024-12-02,TLT,short_put_spread,target,27,0.703682,0.256868,55.25,144.75,25.5,-17.75
2024,2024-11-05,2024-11-21,XLU,short_put_spread,target,16,0.709365,0.352972,50.91,149.09,26.24,46.91
2024,2024-11-06,2024-12-05,XLF,iron_condor,target,29,0.515075,0.286908,48.09,51.91,16.34,40.09
2024,2024-11-06,2024-12-09,XLK,iron_condor,target,33,0.544713,0.252928,220.07,279.93,125.29,212.07
2024,2024-11-15,2024-12-16,IWM,short_call_spread,target,31,0.747571,0.304726,116.96,383.04,64.29,112.96
2024,2024-11-15,2024-11-22,VNQ,short_put_spread,target,7,0.728088,0.199842,48.46,151.54,22.69,-122.54
2024,2024-11-20,2024-12-16,SMH,short_put_spread,target,26,0.664247,0.35887,161.99,338.01,82.36,157.99
2024,2024-12-23,2025-01-31,AGG,iron_condor,target,39,0.536422,0.082552,89.73,110.27,38.64,81.73
2024,2024-12-23,2025-01-28,EEM,iron_condor,target,36,0.580647,0.196598,77.18,122.82,32.01,69.18
2024,2024-12-23,2025-02-21,EFA,iron_condor,expiry,60,0.577746,0.174252,184.97,315.03,-77.03,-77.03
2024,2024-12-23,2025-01-21,EWZ,short_put_spread,target,29,0.653289,0.484335,32.93,67.07,13.56,28.93
2024,2024-12-23,2025-01-10,FXI,short_call_spread,target,18,0.780947,0.473202,20.53,79.47,8.27,-83.47
2024,2024-12-23,2025-01-15,HYG,short_put_spread,target,23,0.779552,0.088577,31.59,168.41,16.26,27.59
2024,2024-12-23,2025-01-29,IEF,iron_condor,target,37,0.567211,0.094918,81.18,118.82,34.82,73.18
2024,2024-12-23,2025-01-28,LQD,iron_condor,target,36,0.592778,0.11642,170.55,329.45,82.4,162.55
2024,2024-12-23,2025-01-21,VNQ,short_put_spread,target,29,0.700452,0.244976,56.01,143.99,28.24,52.01
2024,2024-12-23,2025-02-05,XLK,iron_condor,target,44,0.538411,0.242746,224.39,275.61,116.67,216.39
2024,2024-12-23,2025-01-27,XLP,short_put_spread,target,35,0.688639,0.120594,54.02,145.98,29.01,50.02
2024,2024-12-23,2025-02-03,XLRE,iron_condor,target,42,0.527568,0.24466,92.47,107.53,44.29,84.47
2024,2024-12-23,2025-02-18,XLV,iron_condor,target,57,0.578165,0.152347,194.89,305.11,127.14,43.89
2024,2024-12-27,2025-02-21,GLD,short_call_spread,expiry,56,0.751171,0.162882,111.02,388.98,-392.98,-392.98
2024,2024-12-27,2025-01-15,KRE,short_put_spread,target,19,0.698543,0.263443,54.9,145.1,25.6,50.9
2024,2024-12-27,2025-02-10,TLT,iron_condor,target,45,0.511431,0.146218,96.92,103.08,44.89,88.92
2024,2024-12-27,2025-02-03,XBI,iron_condor,target,38,0.537423,0.290741,224.63,275.37,119.13,216.63
2024,2024-12-27,2025-02-21,XLC,iron_condor,target,56,0.555567,0.205718,209.92,290.08,199.92,199.92
2024,2024-12-27,2025-02-21,XLF,iron_condor,target,56,0.549137,0.168658,43.86,56.14,35.86,35.86
2024,2024-12-27,2025-02-07,XLI,iron_condor,target,42,0.577608,0.152218,194.15,305.85,91.41,186.15
2024,2024-12-27,2025-01-28,XLU,iron_condor,target,32,0.613233,0.163952,64.82,135.18,27.72,43.32
2025,2025-01-29,2025-02-03,GDX,short_put_spread,target,5,0.728747,0.281569,45.14,154.86,18.65,41.14
2025,2025-01-29,2025-03-03,SLV,iron_condor,target,33,0.55134,0.237051,43.34,56.66,15.33,33.34
2025,2025-01-29,2025-02-13,XLB,short_put_spread,target,15,0.754098,0.163006,35.84,164.16,15.34,21.34
2025,2025-01-29,2025-02-26,XLE,short_call_spread,target,28,0.759943,0.182143,21.31,78.69,8.49,17.31
2025,2025-01-29,2025-03-21,XLY,short_put_spread,expiry,51,0.714182,0.20697,118.68,381.32,-385.32,-385.32
2025,2025-01-30,2025-03-21,IWM,iron_condor,expiry,50,0.516476,0.181996,239.21,260.79,-268.79,-268.79
2025,2025-01-31,2025-02-18,QQQ,short_put_spread,target,18,0.683525,0.240957,153.59,346.41,79.52,-350.41
2025,2025-01-31,2025-03-21,SMH,short_put_spread,target,49,0.63726,0.558523,177.46,322.54,150.46,150.46
2025,2025-01-31,2025-02-19,SPY,short_put_spread,target,19,0.69659,0.1643,145.86,354.14,69.03,-358.14
2025,2025-02-25,2025-04-01,AGG,iron_condor,target,35,0.513948,0.09418,96.61,103.39,40.51,75.61
2025,2025-02-25,2025-04-17,EEM,iron_condor,expiry,51,0.51918,0.244038,94.91,105.09,-21.09,-21.09
2025,2025-02-25,2025-03-27,EFA,iron_condor,target,30,0.596499,0.220672,177.49,322.51,84.27,169.49
2025,2025-02-25,2025-04-17,HYG,iron_condor,expiry,51,0.657154,0.069507,50.5,149.5,-80.5,-80.5
2025,2025-02-25,2025-04-01,IEF,iron_condor,target,35,0.521533,0.115772,94.32,105.68,39.83,86.32
2025,2025-02-25,2025-03-31,LQD,iron_condor,target,34,0.608911,0.112304,154.22,345.78,70.46,21.22
2025,2025-02-25,2025-04-17,XBI,iron_condor,expiry,51,0.51924,0.365993,237.18,262.82,-270.82,-270.82
2025,2025-02-25,2025-03-10,XLC,short_call_spread,target,13,0.774747,0.196492,86.07,413.93,59.4,82.07
2025,2025-02-25,2025-04-17,XLI,short_put_spread,expiry,51,0.72663,0.213596,116.35,383.65,-357.65,-357.65
2025,2025-02-25,2025-04-02,XLRE,iron_condor,target,36,0.567971,0.220695,81.08,118.92,37.84,18.08
2025,2025-02-25,2025-03-31,XLU,iron_condor,target,34,0.587059,0.223096,75.42,124.58,36.51,67.42
2025,2025-02-25,2025-04-17,XLV,iron_condor,expiry,51,0.534249,0.200362,227.27,272.73,-280.73,-280.73
2025,2025-02-27,2025-04-04,EWZ,short_call_spread,target,36,0.795246,0.460924,18.63,81.37,10.11,14.63
2025,2025-04-03,2025-05-16,KRE,short_call_spread,expiry,43,0.783756,0.522532,39.87,160.13,-88.13,-88.13
2025,2025-04-03,2025-05-02,SLV,iron_condor,target,29,0.519357,0.353399,47.55,52.45,17.7,39.55
2025,2025-04-03,2025-04-24,SMH,short_put_spread,target,21,0.649512,0.527964,169.95,330.05,100.92,165.95
2025,2025-04-03,2025-05-16,TLT,iron_condor,expiry,43,0.538052,0.124565,89.83,110.17,-118.17,-118.17
2025,2025-04-03,2025-04-04,XLF,short_call_spread,target,1,0.763738,0.290594,21.91,78.09,11.89,-41.09
2025,2025-04-03,2025-04-24,XLK,short_put_spread,target,21,0.681907,0.425833,144.81,355.19,90.29,140.81
2025,2025-05-19,2025-06-05,AGG,iron_condor,target,17,0.624144,0.060714,56.02,143.98,20.98,48.02
2025,2025-05-19,2025-06-04,EEM,iron_condor,target,16,0.642479,0.162357,55.55,144.45,19.84,47.55
2025,2025-05-19,2025-06-11,EFA,iron_condor,target,23,0.60668,0.128385,137.31,362.69,62.81,62.31
2025,2025-05-19,2025-06-10,EWZ,iron_condor,target,22,0.604217,0.259001,36.49,63.51,11.69,28.49
2025,2025-05-19,2025-06-09,HYG,iron_condor,target,21,0.641006,0.066994,48.98,151.02,20.3,40.98
2025,2025-05-19,2025-06-09,IEF,iron_condor,target,21,0.579183,0.077263,74.18,125.82,35.45,66.18
2025,2025-05-19,2025-06-05,LQD,iron_condor,target,17,0.650784,0.07779,81.76,418.24,37.66,73.76
2025,2025-05-19,2025-06-20,SLV,short_call_spread,expiry,32,0.765797,0.272513,20.04,79.96,-83.96,-83.96
2025,2025-05-19,2025-06-04,SMH,short_put_spread,target,16,0.684377,0.35344,150.21,349.79,73.84,146.21
2025,2025-05-19,2025-06-10,TLT,iron_condor,target,22,0.520285,0.135225,95.05,104.95,40.95,87.05
2025,2025-05-19,2025-06-10,VNQ,iron_condor,target,22,0.528593,0.150087,92.62,107.38,44.84,84.62
2025,2025-05-19,2025-06-03,XBI,short_put_spread,target,15,0.689245,0.420107,134.5,365.5,73.26,130.5
2025,2025-05-19,2025-06-09,XLB,iron_condor,target,21,0.544406,0.191637,87.05,112.95,37.08,79.05
2025,2025-05-19,2025-06-05,XLC,iron_condor,target,17,0.620858,0.147013,143.01,356.99,65.38,135.01
2025,2025-05-19,2025-06-04,XLK,short_put_spread,target,16,0.734481,0.255348,107.73,392.27,52.07,103.73
2025,2025-05-19,2025-06-12,XLP,iron_condor,target,24,0.555563,0.150619,84.92,115.08,43.88,76.92
2025,2025-05-19,2025-06-06,XLRE,iron_condor,target,18,0.607386,0.152272,63.06,136.94,25.61,55.06
2025,2025-05-19,2025-06-03,XLU,iron_condor,target,15,0.673495,0.162009,45.39,154.61,15.09,37.39
2025,2025-05-19,2025-06-04,XLV,short_call_spread,target,16,0.759735,0.301486,103.56,396.44,48.31,99.56
2025,2025-05-19,2025-06-10,XLY,short_put_spread,target,22,0.722911,0.25625,112.01,387.99,52.43,108.01
2025,2025-05-20,2025-06-11,IWM,iron_condor,target,22,0.524612,0.224536,234.65,265.35,111.9,226.65
2025,2025-05-20,2025-06-10,KRE,iron_condor,target,21,0.51612,0.282679,96.02,103.98,43.24,84.02
2025,2025-05-20,2025-05-28,XLE,short_call_spread,target,8,0.781511,0.242058,19.09,80.91,7.02,-33.91
2025,2025-05-20,2025-05-23,XLI,short_call_spread,target,3,0.742153,0.179392,102.12,397.88,47.7,98.12
2025,2025-05-21,2025-06-30,FXI,iron_condor,target,40,0.527919,0.283289,46.49,53.51,18.53,38.49
2025,2025-05-22,2025-06-10,QQQ,short_put_spread,target,19,0.676196,0.236543,157.35,342.65,83.69,153.35
2025,2025-06-02,2025-06-24,GLD,short_call_spread,target,22,0.747247,0.31269,120.37,379.63,57.3,116.37
2025,2025-06-04,2025-07-08,XLF,iron_condor,target,34,0.521738,0.153025,47.21,52.79,19.27,39.21
2025,2025-06-16,2025-07-11,GDX,iron_condor,target,25,0.51424,0.483051,96.46,103.54,51.07,88.46
2025,2025-06-23,2025-08-01,EEM,iron_condor,target,39,0.575603,0.195076,78.81,121.19,31.6,-23.19
2025,2025-06-23,2025-07-28,EFA,iron_condor,target,35,0.59203,0.208918,180.99,319.01,93.81,153.99
2025,2025-06-23,2025-07-28,HYG,iron_condor,target,35,0.6093,0.060403,61.97,138.03,25.02,53.97
2025,2025-06-23,2025-07-11,IEF,short_call_spread,target,18,0.776785,0.105041,35.88,164.12,14.71,31.88
2025,2025-06-23,2025-07-02,SMH,short_put_spread,target,9,0.66152,0.381436,163.93,336.07,84.15,159.93
2025,2025-06-23,2025-07-15,TLT,short_call_spread,target,22,0.76644,0.219367,42.16,157.84,21.37,38.16
2025,2025-06-23,2025-07-29,VNQ,iron_condor,target,36,0.510005,0.163893,97.27,102.73,44.14,89.27
2025,2025-06-23,2025-07-30,XLB,iron_condor,target,37,0.570814,0.210715,80.15,119.85,41.64,72.15
2025,2025-06-23,2025-07-28,XLC,iron_condor,target,35,0.572933,0.219661,198.85,301.15,91.77,42.85
2025,2025-06-23,2025-07-15,XLP,short_call_spread,target,22,0.764095,0.160869,40.57,159.43,22.18,36.57
2025,2025-06-23,2025-07-21,XLRE,iron_condor,target,28,0.634692,0.14122,57.72,142.28,21.09,49.72
2025,2025-06-23,2025-07-28,XLU,iron_condor,target,35,0.598199,0.207684,72.07,127.93,29.8,64.07
2025,2025-06-23,2025-07-29,XLV,iron_condor,target,36,0.543263,0.176561,219.96,280.04,113.27,211.96
2025,2025-06-23,2025-07-30,XLY,iron_condor,target,37,0.516218,0.321419,239.17,260.83,112.97,231.17
2025,2025-06-24,2025-07-07,AGG,short_call_spread,target,13,0.75998,0.075407,36.16,163.84,15.34,32.16
2025,2025-06-24,2025-07-25,LQD,iron_condor,target,31,0.605756,0.098201,149.63,350.37,71.26,141.63
2025,2025-06-24,2025-08-11,SLV,short_call_spread,target,48,0.772205,0.390208,21.1,78.9,11.48,17.1
2025,2025-06-25,2025-07-02,IWM,short_put_spread,target,7,0.691138,0.249992,144.12,355.88,69.82,140.12
2025,2025-06-25,2025-08-15,XLI,iron_condor,expiry,51,0.553789,0.147906,211.53,288.47,59.53,59.53
2025,2025-06-26,2025-08-06,EWZ,iron_condor,target,41,0.524209,0.260756,46.85,53.15,18.09,38.85
2025,2025-06-26,2025-07-30,KRE,iron_condor,target,34,0.512216,0.350241,96.72,103.28,44.72,88.72
2025,2025-06-26,2025-08-06,XBI,short_call_spread,target,41,0.766007,0.31601,96.95,403.05,50.58,24.95
2025,2025-06-26,2025-08-01,XLK,iron_condor,target,36,0.532977,0.212116,227.75,272.25,123.11,134.75
2025,2025-07-03,2025-07-31,XLE,iron_condor,target,28,0.516966,0.327901,47.88,52.12,16.43,39.88
2025,2025-07-14,2025-08-01,SPY,short_call_spread,target,18,0.732315,0.172,127.45,372.55,63.52,123.45
2025,2025-08-04,2025-08-21,GDX,short_put_spread,target,17,0.655034,0.622734,66.42,133.58,31.48,62.42
2025,2025-08-04,2025-08-27,QQQ,short_put_spread,target,23,0.691915,0.202144,148.82,351.18,71.02,144.82
2025,2025-08-06,2025-09-05,XLF,iron_condor,target,30,0.53138,0.223492,46.17,53.83,16.81,38.17
2025,2025-08-07,2025-09-04,FXI,iron_condor,target,28,0.535438,0.257576,45.61,54.39,15.46,-55.39
2025,2025-08-18,2025-09-19,AGG,iron_condor,expiry,32,0.650165,0.052882,45.85,154.15,8.85,8.85
2025,2025-08-18,2025-09-05,EEM,iron_condor,target,18,0.621072,0.161547,62.62,137.38,26.39,-46.38
2025,2025-08-18,2025-09-08,EFA,iron_condor,target,21,0.593799,0.206313,174.47,325.53,101.58,166.47
2025,2025-08-18,2025-09-19,EWZ,iron_condor,expiry,32,0.584695,0.27498,39.1,60.9,-61.9,-61.9
2025,2025-08-18,2025-09-19,GLD,short_call_spread,expiry,32,0.737209,0.198829,120.34,379.66,-383.66,-383.66
2025,2025-08-18,2025-09-09,HYG,iron_condor,target,22,0.624162,0.042304,40.74,159.26,14.62,6.74
2025,2025-08-18,2025-09-17,IEF,iron_condor,target,30,0.67296,0.070609,45.68,154.32,16.89,37.68
2025,2025-08-18,2025-09-19,LQD,iron_condor,expiry,32,0.621606,0.065428,87.83,412.17,5.83,5.83
2025,2025-08-18,2025-08-28,SLV,short_put_spread,target,10,0.730493,0.291322,24.01,75.99,9.13,20.01
2025,2025-08-18,2025-09-10,SMH,short_put_spread,target,23,0.694554,0.301373,145.14,354.86,94.33,141.14
2025,2025-08-18,2025-09-18,TLT,iron_condor,target,31,0.544215,0.148307,88.18,111.82,41.57,78.18
2025,2025-08-18,2025-09-19,VNQ,iron_condor,target,32,0.513966,0.216106,96.56,103.44,88.56,88.56
2025,2025-08-18,2025-09-09,XLB,iron_condor,target,22,0.58942,0.250918,74.97,125.03,40.67,66.97
2025,2025-08-18,2025-09-19,XLC,iron_condor,expiry,32,0.598072,0.189285,174.29,325.71,-274.71,-274.71
2025,2025-08-18,2025-09-19,XLE,iron_condor,expiry,32,0.555693,0.200244,42.93,57.07,8.93,8.93
2025,2025-08-18,2025-09-08,XLI,iron_condor,target,21,0.562534,0.172949,205.42,294.58,109.19,197.42
2025,2025-08-18,2025-09-11,XLP,iron_condor,target,24,0.574571,0.144282,79.43,120.57,33.37,9.43
2025,2025-08-18,2025-08-22,XLRE,short_put_spread,target,4,0.709413,0.220393,45.32,154.68,22.99,41.32
2025,2025-08-18,2025-09-08,XLV,iron_condor,target,21,0.537061,0.276971,226.02,273.98,111.52,218.02
2025,2025-08-18,2025-09-09,XLY,iron_condor,target,22,0.55231,0.234409,213.28,286.72,101.33,135.78
2025,2025-08-19,2025-09-19,XBI,iron_condor,expiry,31,0.571342,0.264525,196.84,303.16,-71.16,-71.16
2025,2025-08-19,2025-08-28,XLU,short_call_spread,target,9,0.713958,0.181444,43.4,156.6,19.89,39.4
2025,2025-08-20,2025-10-17,XLK,iron_condor,expiry,58,0.516458,0.241559,238.89,261.11,-219.61,-219.61
2025,2025-08-27,2025-10-17,KRE,short_put_spread,expiry,51,0.664101,0.322913,63.38,136.62,-140.62,-140.62
2025,2025-09-11,2025-10-10,IWM,short_call_spread,target,29,0.747126,0.29828,117.56,382.44,99.6,113.56
2025,2025-10-10,2025-11-06,AGG,iron_condor,target,27,0.626472,0.05071,54.9,145.1,20.46,46.9
2025,2025-10-10,2025-11-18,EEM,short_call_spread,target,39,0.738545,0.306738,46.51,153.49,19.5,42.51
2025,2025-10-10,2025-11-17,EFA,short_call_spread,target,38,0.751758,0.205607,93.04,406.96,70.27,89.04
2025,2025-10-10,2025-11-06,IEF,iron_condor,target,27,0.629887,0.070573,59.59,140.41,25.37,51.59
2025,2025-10-10,2025-11-11,LQD,iron_condor,target,32,0.608198,0.064324,109.62,390.38,64.78,93.62
2025,2025-10-10,2025-11-10,TLT,iron_condor,target,31,0.539097,0.171453,90.02,109.98,43.51,82.02
2025,2025-10-10,2025-11-21,XBI,short_call_spread,expiry,42,0.756864,0.363749,106.47,393.53,-262.53,-262.53
2025,2025-10-10,2025-10-23,XLB,short_put_spread,target,13,0.706463,0.25081,49.5,150.5,22.8,45.5
2025,2025-10-10,2025-11-07,XLI,iron_condor,target,28,0.526326,0.239016,232.99,267.01,108.55,224.99
2025,2025-10-10,2025-11-11,XLP,iron_condor,target,32,0.529151,0.201939,92.55,107.45,45.82,84.55
2025,2025-10-10,2025-11-05,XLRE,iron_condor,target,26,0.561657,0.167228,80.55,119.45,33.31,72.55
2025,2025-10-10,2025-11-10,XLU,iron_condor,target,31,0.519039,0.225048,95.24,104.76,46.82,87.24
2025,2025-10-10,2025-11-12,XLY,iron_condor,target,33,0.538215,0.303268,225.11,274.89,122.57,217.11
2025,2025-10-13,2025-10-20,EWZ,short_put_spread,target,7,0.709654,0.280412,25.86,74.14,8.95,21.86
2025,2025-10-13,2025-10-21,GDX,short_call_spread,target,8,0.765963,0.555318,44.59,155.41,23.58,40.59
2025,2025-10-13,2025-10-27,GLD,short_call_spread,target,14,0.743654,0.249656,121.51,378.49,71.35,117.51
2025,2025-10-13,2025-11-07,HYG,iron_condor,target,25,0.650932,0.058029,45.17,154.83,17.39,37.17
2025,2025-10-13,2025-10-27,SMH,short_put_spread,target,14,0.649711,0.515605,171.7,328.3,82.72,167.7
2025,2025-10-13,2025-11-10,VNQ,iron_condor,target,28,0.523893,0.164164,93.87,106.13,45.58,85.87
2025,2025-10-13,2025-11-17,XLE,iron_condor,target,35,0.51669,0.298918,47.92,52.08,21.77,39.92
2025,2025-10-13,2025-11-21,XLV,iron_condor,expiry,39,0.532588,0.256941,228.95,271.05,-240.05,-240.05
2025,2025-10-15,2025-11-11,XLC,iron_condor,target,27,0.57123,0.185428,196.73,303.27,101.64,78.73
2025,2025-10-16,2025-10-21,SLV,short_call_spread,target,5,0.755387,0.487037,23.39,76.61,13.79,19.39
2025,2025-10-21,2025-11-11,FXI,iron_condor,target,21,0.515577,0.358962,48.09,51.91,18.16,40.09
2025,2025-10-21,2025-11-10,XLF,iron_condor,target,20,0.539775,0.214896,45.15,54.85,16.1,37.15
2025,2025-10-21,2025-11-11,XLK,iron_condor,target,21,0.535639,0.281952,227.21,272.79,118.37,-20.79
2025,2025-10-22,2025-11-25,KRE,short_put_spread,target,34,0.654045,0.482007,66.48,133.52,35.73,62.48
2025,2025-10-30,2025-11-28,IWM,short_put_spread,target,29,0.690787,0.260942,145.91,354.09,72.02,141.91
2025,2025-10-31,2025-11-17,SPY,short_call_spread,target,17,0.73445,0.1744,127.78,372.22,75.6,123.78
2025,2025-11-14,2025-12-02,QQQ,short_put_spread,target,18,0.680135,0.292426,156.2,343.8,77.39,152.2
2025,2025-11-26,2026-01-16,AGG,iron_condor,expiry,51,0.586107,0.036745,63.92,136.08,-39.08,-39.08
2025,2025-11-26,2025-12-29,EEM,iron_condor,target,33,0.534772,0.161682,90.38,109.62,37.47,-104.62
2025,2025-11-26,2025-12-26,EFA,iron_condor,target,30,0.590137,0.160435,177.14,322.86,81.53,116.14
2025,2025-11-26,2025-12-16,EWZ,short_call_spread,target,20,0.717843,0.232848,25.56,74.44,16.99,21.56
2025,2025-11-26,2025-12-19,GDX,short_put_spread,target,23,0.636448,0.513629,70.81,129.19,37.8,66.81
2025,2025-11-26,2026-01-05,HYG,iron_condor,target,40,0.578136,0.048359,68.6,131.4,30.38,60.6
2025,2025-11-26,2026-01-16,IEF,iron_condor,expiry,51,0.641548,0.043895,48.98,151.02,-66.02,-66.02
2025,2025-11-26,2026-01-13,LQD,iron_condor,target,48,0.644668,0.061149,88.19,411.81,43.53,37.19
2025,2025-11-26,2025-12-01,SLV,short_put_spread,target,5,0.646201,0.382933,34.31,65.69,15.09,30.31
2025,2025-11-26,2026-01-16,SMH,short_call_spread,expiry,51,0.75812,0.402896,116.77,383.23,-387.23,-387.23
2025,2025-11-26,2026-01-16,TLT,iron_condor,expiry,51,0.546678,0.091638,86.67,113.33,-121.33,-121.33
2025,2025-11-26,2025-12-31,XBI,iron_condor,target,35,0.517278,0.271067,238.58,261.42,114.08,230.58
2025,2025-11-26,2025-12-15,XLB,short_put_spread,target,19,0.740097,0.189565,40.56,159.44,16.39,36.56
2025,2025-11-26,2026-01-02,XLC,iron_condor,target,37,0.554941,0.16949,209.66,290.34,114.26,201.66
2025,2025-11-26,2025-12-29,XLE,iron_condor,target,33,0.561563,0.185914,42.37,57.63,15.66,-34.63
2025,2025-11-26,2025-12-10,XLI,short_put_spread,target,14,0.714544,0.143769,116.78,383.22,61.99,112.78
2025,2025-11-26,2026-01-08,XLP,iron_condor,target,43,0.572179,0.14028,80.7,119.3,57.2,61.7
2025,2025-11-26,2026-01-13,XLRE,iron_condor,target,48,0.593894,0.12708,67.7,132.3,37.91,59.7
2025,2025-11-26,2026-01-16,XLU,iron_condor,expiry,51,0.577601,0.128678,74.53,125.47,5.53,5.53
2025,2025-11-26,2026-01-06,XLV,iron_condor,target,41,0.536697,0.154344,224.89,275.11,158.09,216.89
2025,2025-11-26,2025-12-30,XLY,iron_condor,target,34,0.536575,0.283339,226.09,273.91,112.46,218.09
2025,2025-12-01,2025-12-11,XLF,short_put_spread,target,10,0.679809,0.15754,29.45,70.55,16.28,25.45
2025,2025-12-01,2025-12-24,XLK,short_put_spread,target,23,0.699761,0.289468,135.91,364.09,68.91,131.91
2025,2025-12-03,2026-01-02,FXI,iron_condor,target,30,0.586058,0.168453,38.86,61.14,15.71,30.86
2025,2025-12-05,2026-01-06,VNQ,iron_condor,target,32,0.54883,0.145602,87.17,112.83,47.84,79.17
2025,2025-12-09,2026-01-16,DIA,short_call_spread,target,38,0.732075,0.182004,126.69,373.31,122.69,122.69
2025,2025-12-22,2026-01-21,KRE,short_put_spread,target,30,0.672338,0.24158,60.82,139.18,37.95,56.82
2025,2025-12-22,2026-01-27,QQQ,short_put_spread,target,36,0.677488,0.222996,157.16,342.84,81.31,153.16
2025,2025-12-22,2026-01-26,SPY,short_put_spread,target,35,0.694504,0.1408,147.14,352.86,71.16,143.14
2025,2025-12-23,2026-01-12,IWM,short_put_spread,target,20,0.680196,0.256372,152.02,347.98,75.5,148.02
2026,2026-01-21,2026-02-23,AGG,iron_condor,target,33,0.618635,0.043802,57.71,142.29,21.95,-84.29
2026,2026-01-21,2026-03-03,EEM,iron_condor,target,41,0.541249,0.222784,89.23,110.77,47.15,45.23
2026,2026-01-21,2026-03-03,EFA,iron_condor,target,41,0.564932,0.160357,199.6,300.4,119.59,-149.4
2026,2026-01-21,2026-02-05,GDX,short_call_spread,target,15,0.778693,0.615948,42.85,157.15,20.16,38.85
2026,2026-01-21,2026-03-13,GLD,short_call_spread,target,51,0.758394,0.421227,117.61,382.39,64.56,113.61
2026,2026-01-21,2026-03-20,HYG,iron_condor,expiry,58,0.629029,0.029825,37.54,162.46,-170.46,-170.46
2026,2026-01-21,2026-03-02,IEF,iron_condor,target,40,0.651834,0.05598,52.18,147.82,22.03,32.18
2026,2026-01-21,2026-02-23,LQD,iron_condor,target,33,0.611044,0.072859,129.74,370.26,57.62,-93.26
2026,2026-01-21,2026-02-02,SLV,short_call_spread,target,12,0.83989,1.157087,15.76,84.24,4.19,11.76
2026,2026-01-21,2026-03-04,TLT,iron_condor,target,42,0.568909,0.138328,82.08,117.92,39.09,74.08
2026,2026-01-21,2026-03-05,XLB,iron_condor,target,43,0.535047,0.267307,90.81,109.19,48.15,80.81
2026,2026-01-21,2026-03-06,XLC,iron_condor,target,44,0.566883,0.152353,199.71,300.29,107.23,191.71
2026,2026-01-21,2026-03-17,XLK,short_put_spread,target,55,0.701194,0.249302,134.56,365.44,70.86,-140.44
2026,2026-01-21,2026-03-06,XLRE,iron_condor,target,44,0.591765,0.197647,73.91,126.09,39.13,65.91
2026,2026-02-06,2026-02-20,EWZ,short_put_spread,target,14,0.691376,0.430332,29.32,70.68,11.17,25.32
2026,2026-02-06,2026-03-06,VNQ,iron_condor,target,28,0.522511,0.220341,94.36,105.64,41.49,61.36
2026,2026-02-06,2026-03-20,XLE,short_call_spread,expiry,42,0.751405,0.31871,23.44,76.56,-80.56,-80.56
2026,2026-02-06,2026-03-20,XLU,iron_condor,target,42,0.578861,0.191025,76.55,123.45,68.55,68.55
2026,2026-02-06,2026-03-20,XLV,iron_condor,expiry,42,0.513009,0.224246,241.77,258.23,-266.23,-266.23
2026,2026-02-06,2026-03-20,XLY,iron_condor,expiry,42,0.529812,0.265306,230.38,269.62,-277.62,-277.62
2026,2026-02-10,2026-03-20,FXI,iron_condor,expiry,38,0.523242,0.267818,47.11,52.89,-60.89,-60.89
2026,2026-02-10,2026-03-09,XBI,short_put_spread,target,27,0.691291,0.418814,142.18,357.82,88.18,138.18
2026,2026-02-10,2026-03-05,XLI,short_call_spread,target,23,0.760018,0.216809,103.35,396.65,68.98,99.35
2026,2026-02-11,2026-03-20,SMH,short_put_spread,expiry,37,0.653444,0.483546,170.13,329.87,-259.87,-259.87
2026,2026-02-11,2026-03-20,XLP,iron_condor,expiry,37,0.523303,0.171545,94.08,105.92,-113.92,-113.92
2026,2026-04-06,2026-05-04,EFA,iron_condor,target,28,0.537281,0.324225,225.33,274.67,127.7,217.33
2026,2026-04-06,2026-05-04,FXI,iron_condor,target,28,0.51879,0.297453,47.64,52.36,18.93,39.64
2026,2026-04-06,2026-05-08,GDX,short_put_spread,target,32,0.622381,0.778887,74.3,125.7,41.04,70.3
2026,2026-04-06,2026-05-04,HYG,iron_condor,target,28,0.53097,0.101285,91.74,108.26,45.84,83.74
2026,2026-04-06,2026-04-30,IEF,iron_condor,target,24,0.578896,0.090184,76.58,123.42,32.26,19.58
2026,2026-04-06,2026-05-12,KRE,short_call_spread,target,36,0.72604,0.201499,47.64,152.36,23.07,43.64
2026,2026-04-06,2026-04-27,LQD,iron_condor,target,21,0.623752,0.123184,140.08,359.92,65.7,132.08
2026,2026-04-06,2026-05-06,TLT,iron_condor,target,30,0.511007,0.17449,97.26,102.74,46.78,-44.74
2026,2026-04-06,2026-05-11,XLC,iron_condor,target,35,0.560373,0.231466,207.76,292.24,143.96,199.76
2026,2026-04-06,2026-05-14,XLE,short_put_spread,target,38,0.701696,0.292651,28.36,71.64,19.88,24.36
2026,2026-04-06,2026-05-08,XLF,iron_condor,target,32,0.530243,0.208598,46.27,53.73,17.0,38.27
2026,2026-04-06,2026-05-15,XLI,short_call_spread,target,39,0.748762,0.282434,112.53,387.47,108.53,108.53
2026,2026-04-06,2026-05-04,XLU,iron_condor,target,28,0.52007,0.228004,94.99,105.01,48.04,-26.01
2026,2026-04-06,2026-05-04,XLV,iron_condor,target,28,0.542982,0.201881,221.13,278.87,118.18,213.13
2026,2026-04-06,2026-05-15,XLY,iron_condor,target,39,0.526455,0.323063,232.9,267.1,171.9,171.9
2026,2026-04-24,2026-06-15,AGG,iron_condor,target,52,0.636787,0.042025,50.78,149.22,19.57,32.78
2026,2026-04-24,2026-05-07,EWZ,short_call_spread,target,13,0.77864,0.257542,20.09,79.91,6.12,16.09
2026,2026-04-24,2026-05-11,SLV,short_put_spread,target,17,0.642529,0.540128,35.11,64.89,19.47,-68.89
2026,2026-04-24,2026-06-05,XLP,iron_condor,target,42,0.51709,0.171084,95.44,104.56,54.01,87.44
2026,2026-04-24,2026-05-28,XLRE,iron_condor,target,34,0.569448,0.165116,79.27,120.73,33.98,71.27
2026,2026-04-27,2026-06-02,VNQ,iron_condor,target,36,0.516246,0.174861,95.71,104.29,42.3,87.71
2026,2026-04-27,2026-06-02,XLB,iron_condor,target,36,0.546595,0.193536,87.24,112.76,41.95,79.24
2026,2026-04-28,2026-05-06,SMH,short_put_spread,target,8,0.655762,0.404398,169.04,330.96,113.07,165.04
2026,2026-04-30,2026-05-19,GLD,short_call_spread,target,19,0.745635,0.295935,122.5,377.5,61.76,118.5
2026,2026-04-30,2026-05-18,XBI,short_call_spread,target,18,0.765922,0.324678,104.41,395.59,51.51,100.41
2026,2026-05-01,2026-05-11,EEM,short_put_spread,target,10,0.664482,0.36568,63.56,136.44,28.28,59.56
2026,2026-05-06,2026-06-10,QQQ,short_call_spread,target,35,0.733621,0.242989,129.42,370.58,93.64,-374.58
2026,2026-05-11,2026-06-10,XLK,short_call_spread,target,30,0.754382,0.381288,113.86,386.14,83.06,109.86
2026,2026-05-14,2026-06-05,SPY,short_call_spread,target,22,0.729555,0.1726,130.1,369.9,92.2,126.1
2026,2026-05-18,2026-06-08,EFA,iron_condor,target,21,0.533991,0.348019,227.87,272.13,113.68,219.87
2026,2026-05-18,2026-06-15,GDX,short_put_spread,target,28,0.6103,0.907389,76.83,123.17,35.65,72.83
2026,2026-05-18,2026-06-03,HYG,iron_condor,target,16,0.642291,0.067786,48.63,151.37,16.7,40.63
2026,2026-05-18,2026-06-08,IEF,iron_condor,target,21,0.568104,0.081176,78.34,121.66,34.42,70.34
2026,2026-05-18,2026-06-05,LQD,short_call_spread,target,18,0.806137,0.084849,37.34,462.66,15.72,33.34
2026,2026-05-18,2026-06-08,TLT,iron_condor,target,21,0.569001,0.143364,81.03,118.97,34.82,-1.97
2026,2026-05-18,2026-06-18,XLC,iron_condor,expiry,31,0.573358,0.214115,196.77,303.23,-266.23,-266.23
2026,2026-05-18,2026-06-10,XLI,short_call_spread,target,23,0.759353,0.342434,108.86,391.14,74.67,104.86
2026,2026-05-18,2026-06-08,XLU,iron_condor,target,21,0.551035,0.335949,86.65,113.35,36.51,78.65
2026,2026-05-18,2026-06-17,XLV,iron_condor,target,30,0.540632,0.240973,223.35,276.65,160.09,215.35
2026,2026-05-18,2026-06-08,XLY,iron_condor,target,21,0.577367,0.213653,193.68,306.32,98.76,185.68
2026,2026-05-19,2026-06-18,XLF,iron_condor,expiry,30,0.527177,0.181723,46.6,53.4,-18.4,-18.4
2026,2026-05-28,2026-07-14,FXI,short_put_spread,target,47,0.695765,0.341387,28.5,71.5,12.73,24.5
2026,2026-06-02,2026-06-16,XLE,short_call_spread,target,14,0.774674,0.480487,21.67,78.33,7.07,17.67
2026,2026-06-08,2026-07-17,DIA,short_call_spread,target,39,0.735895,0.177524,125.09,374.91,121.09,121.09
2026,2026-06-09,2026-06-22,IWM,short_put_spread,target,13,0.681096,0.35391,153.31,346.69,83.12,149.31
2026,2026-06-25,2026-07-13,SMH,short_call_spread,target,18,0.795531,0.747577,100.69,399.31,48.59,
2026,2026-06-25,2026-07-15,SPY,short_put_spread,target,20,0.680798,0.1889,155.49,344.51,77.52,
2026,2026-07-13,2026-07-23,IEF,short_call_spread,target,10,0.781964,0.066976,27.8,172.2,11.79,
2026,2026-07-16,2026-07-23,KRE,short_call_spread,target,7,0.74238,0.276804,46.84,153.16,26.39,
2026,2026-07-16,2026-07-23,XLP,short_call_spread,target,7,0.757574,0.290906,44.38,155.62,18.49,
